RowIndex,Meteorology_Total,SMG_Total,Meteorology_ObjectNames,SMG_ObjectNames,Meteorology_Makers,SMG_Makers,Meteorology_organisations/institutions,SMG_organisations/institutions,Meteorology_Dates,SMG_Dates,Meteorology_Places,SMG_Places,Meteorology_Descriptions,SMG_Descriptions,Meteorology_Other,SMG_Other,Unique_to_Meteorology,Unique_to_SMG
0,31,12,3,2,3,1,1,1,5,1,1,1,15,3,3,3,"{""object_names"": [""PROPOSED FLYING MACHINE"", ""Aerial Steam Carriage"", ""proposed machine""], ""makers"": [""P. Y. Alexander, Esq."", ""C. H. M. A. Alderson, Esq."", ""J. Stringfellow""], ""organisations/institutions"": [], ""dates"": [""1922"", ""1907"", ""1842"", ""1844-5"", ""1847-48""], ""places"": [""Chard""], ""descriptions"": [""Scale 1: 7"", ""model, the design for which was patented in 1842 by Mr. W. S. Henson, was built in 1844-5 by Messrs. Henson and J. Stringfellow"", ""Henson's proposal to utilise the fixed surfaces of an aeroplane to obtain support from the air was regarded at the time as a possible solution of the problem of flight"", ""Henson's idea was to imitate soaring birds, all previous attempts being based on vibrating or rotating surfaces, after the manner of flapping wings"", ""intended that the actual machine should be used as a conveyer of letters, goods, and passengers"", ""model consists of an extended surface or aeroplane of oiled silk or canvas, stretched upon a bamboo frame made rigid by trussing, both above and below"", ""car is attached to the under side of the aeroplane to contain the steam engine, passengers, etc"", ""It has three wheels to run freely upon when it reaches earth"", ""Two propellers, 3 ft. diameter, are shown with their blades set at 45 degrees; they are operated by endless cords from the steam engine (see No. 40)"", ""Behind these is a fan-shaped tail, stretched upon a triangular frame capable of being opened out, closed, or moved up and down by means of cords and pulleys"", ""By this latter arrangement ascent or descent was to be accomplished"", ""A rudder for steering sideways is placed under the tail"", ""above the main aeroplane a sail (not shown) was to be stretched between two masts rising from the car, to assist in maintaining the course"", ""When in motion the front edge of the machine was to be raised in order to obtain the required air support"", ""To start the model it was proposed to allow it to run down an incline, e.g., the side of a hill, the propellers being first set in motion"", ""The velocity gained in the descent was expected to sustain it in its further progress, the engine overcoming the head resistance when in full flight"", ""Experiments were eventually made on the downs, near Chard, and the night trials were abandoned, as the silk became saturated from a deposit of dew"", ""After many day trials, down wide, inclined rails, the model was found to be deficient in stable equilibrium for open-air experiments, little puffs of wind or ground currents being sufficient to destroy the balance"", ""The actual machine was never constructed"", ""in 1847-48 J. Stringfellow built a model which is supposed to be the first flying machine which performed a successful flight"", ""dimensions of the model shown are 20 ft. from tip to tip of wings, by 3.5 ft. wide, giving 70 sq. ft. sustaining surface to the wings and about 10 sq. ft. in the tail"", ""Its weight is about 25 lb"", ""The actual machine was to weigh about 3,000 lb., with 4,500 sq. ft. surface in the wings and 1,500 in the tail"", ""A lithograph of the proposed machine is shown""], ""other"": [""Inv. 1907-29"", ""S.M. 312"", ""L.S.""]}","{""object_names"": [""Henson's Flying Machine model""], ""makers"": [""William Henson""], ""organisations/institutions"": [""Science Museum Group Collections Online""], ""dates"": [""1843""], ""places"": [""Chard""], ""descriptions"": [""With stand and pieces of fabric"", ""Aeronautics model"", ""model""], ""other"": [""1843 Chard Henson, William Samuel""]}"
1,17,10,2,2,1,1,1,1,2,2,0,1,8,2,3,1,"{""object_names"": [""PORTIONS OF STRINGFELLOW'S FLYING MACHINE MODEL OF 1846-48"", ""Model""], ""makers"": [""Sir J. Heathcoat Amory, Bart."", ""P. Y. Alexander, Esq."", ""C. H. M. A. Alderson, Esq.""], ""organisations/institutions"": [""Meteorology Catalogue""], ""dates"": [""1908"", ""1846""], ""places"": [], ""descriptions"": [""The model of which the wings, tail, engine and boiler are shown was constructed by Mr. J. Stringfellow in 1846, and was designed for indoor experiments."", ""The sustaining planes were shaped like the wings of a bird, and were slightly curved on the under side."", ""They were also feathered at the back edge, in order that the yielding of the feathers might automatically regulate the fore-and-aft stability."", ""It is stated that during the experiments the model rose after leaving the sustaining wire as much as 1 in 7, and that a free flight of about 40 yds. was eventually made with the model."", ""The sustaining surface was 17 sq. ft., and the planes measured 10 ft. over the tips."", ""The motive power was supplied by a steam engine placed inside a car between and underneath the wings."", ""It had a cylinder .75 in. diameter by 2 in. stroke."", ""The boiler was of the water-tube type as used by Henson, Stringfellow, and others, and consisted of inverted truncated cones arranged around and above the furnace."", ""The cones were connected with a central steam drum above them and with water chambers below."", ""Two four-bladed propellers 16 in. diameter were employed."", ""The propeller speed was increased in the ratio of 3 : 1 by bevel gear on the crank shaft."", ""The weight of the model, including the engine, was 6 lb., and with water and fuel, 6\u00b75 lb."", ""The engine and boiler, which have since been used to work a small lace machine, are not now in their correct relative position as used by Stringfellow.""], ""other"": [""S.M. 1403"", ""L.S"", ""Inv. 1908-44""]}","{""object_names"": [""burner cowling"", ""burner"", ""Aircraft Propulsion engines"", ""engines""], ""makers"": [""John Stringfellow""], ""organisations/institutions"": [""Science Museum Group Collections Online""], ""dates"": [""1847-1848""], ""places"": [""Chard, Somerset, England""], ""descriptions"": [""Horizontal single cylinder slide-valve steam engine"", ""alcohol/naptha-fired burner"", ""John Stringfellow made the engine and boiler for a William Henson designed ten-foot wing-span model aircraft.""], ""other"": []}"
2,24,9,1,3,1,1,1,0,2,1,0,2,16,2,3,0,"{""object_names"": [""FLYING MACHINE MODEL""], ""makers"": [""Sir Hiram Maxim""], ""organisations/institutions"": [""Meteorology Catalogue""], ""dates"": [""1922"", ""1896""], ""places"": [], ""descriptions"": [""Scale 1:12"", ""Plate I, No. 2"", ""complete model of the flying machine constructed and experimentally tried by Sir Hiram Maxim in 1894"", ""by its own effort it more than supported its weight and that of its crew"", ""It never soared aloft, however, as its rise was limited to a few inches only, by inverted rails"", ""an accident when running under these at a speed of 40 miles per hour brought the experiments to a premature conclusion"", ""The total weight of the machine was 7,700 lb."", ""it exerted in the trials a total lifting effort of 10,000 lb."", ""The machine consists of a braced structure of steel tubes and wires connected to large inclined surfaces, called aeroplanes"", ""possess a total area of 5,400 sq. ft."", ""slope at an angle of 7\u00b725 degrees with the horizontal"", ""The extreme width of the machine is 120 ft."", ""the length 104 ft."", ""It is propelled by two two-bladed screws, each 17\u00b783 ft. diameter by 16 ft. pitch"", ""driven by compound engines with cylinders 5 in. and 8 in. diameter by 12 in. stroke, making 375 revolutions per minute and exerting together 360 h.p."", ""The thrust from the two propellers working in the air is 2,000 lb., and the lifting effort is derived from this by the action of the aeroplanes."", ""Steam at 300 lb. pressure is supplied from a tubulous boiler of the Thornycroft type, fired by naphtha delivered under a pressure of 50 lb. as 7,650 spray jets through hollow firebars."", ""The boiler has a heating surface of 800 sq. ft. and a grate area of 30 sq. ft.; its weight is 900 lb., and with feed heaters, burners and water 1,200 lb.""], ""other"": [""Inv. 1896-98"", ""S.M. 313"", ""L.S.""]}","{""object_names"": [""Model of Maxim Flying machine"", ""Full size steam engine for flying machine"", ""Full size screw propeller for flying machine""], ""makers"": [""Sir Hiram Stevens Maxim""], ""organisations/institutions"": [], ""dates"": [""1892""], ""places"": [""Baldwyns Park, Bexley, England, United Kingdom"", ""Kent, England, United Kingdom""], ""descriptions"": [""Aeronautics model"", ""model""], ""other"": []}"
3,30,5,1,1,1,0,2,1,4,1,2,0,17,2,3,0,"{""object_names"": [], ""makers"": [""The Weiss Aeroplane and Launcher Syndicate, Ltd.""], ""organisations/institutions"": [""The Weiss Aeroplane and Launcher Syndicate, Ltd."", ""E.N.V.""], ""dates"": [""1922"", ""1905"", ""1908"", ""1910""], ""places"": [""London, E.C."", ""Paris"", ""Arundel""], ""descriptions"": [""model glider is a development of one shown at Paris in 1905 by Mr. Jos\u00e9 Weiss, and patented by him in 1908 in Great Britain"", ""designed with a view to obtain automatic stability"", ""glides were made from the top of a hill in a direction directly opposed to that of the wind"", ""gliding speed of the model in relation to the atmosphere was between 30 and 35 miles per hour"", ""monoplane constructed on the lines of the albatross"", ""framework consists of bamboo, the joints being made with tire cement and tarred twine"", ""main wings possess, at the middle, considerable thickness, and taper towards the tips, where they are flexible and flat"", ""characterised by a distinct change of angle of incidence from the fuselage to the tip"", ""Near the body the angle is greatest and is about 5 degrees, and from here it gradually decreases towards the wing tip"", ""tips themselves are upturned in such a way that they present a marked negative angle of incidence"", ""tail is provided"", ""in the model, which was launched by hand, a roll of lead formed the weight, which was slipped over a vertical rod at the junction of the main frame with the landing skids, in a position corresponding to the breast of a bird"", ""design of the glider gives it a large amount of automatic stability, both longitudinal and lateral"", ""much experimental work has been carried out near Arundel with this and subsequent man-carrying gliders"", ""power-driven machine constructed in 1910 on the lines of the model had a total sustaining surface of 185 sq. ft., with a span of 34 ft., and weighed, with the pilot, 750 lb."", ""notable feature of this machine was the absence of cross-bracing, the compression and tension members being both provided for by the bamboo triangulated framework"", ""lashings of tarred string were employed as on the gliders"", ""tail of the machine combined the functions both of elevator and rudder, and there was no control of the wings themselves in the hands of the pilot"", ""eight-cylinder E.N.V. engine of about 30 h.p. was fitted and drove a single tractor screw of 7 ft. diameter""], ""other"": [""Inv. 1912-102"", ""S.M. 1402"", ""L.S.""]}","{""object_names"": [], ""makers"": [], ""organisations/institutions"": [], ""dates"": [""1908-1912""], ""places"": [], ""descriptions"": [""as patented in 1908"", ""Aeronautics model - representation; model - representation""], ""other"": []}"
4,25,6,1,1,1,0,2,1,3,0,3,0,11,2,4,2,"{""object_names"": [""WRIGHT FLYING MACHINE. (Scale 1: 10.)""], ""makers"": [""Messrs. T. W. K. Clarke & Co.""], ""organisations/institutions"": [""Messrs. Orville and Wilbur Wright"", ""U.S.A.""], ""dates"": [""1909"", ""1903"", ""1906""], ""places"": [""Dayton, Ohio"", ""Hunaudi\u00e8res"", ""Le Mans""], ""descriptions"": [""The early experiments of Messrs. Orville and Wilbur Wright, of Dayton, Ohio, were made with soaring machines, which were abandoned, however, in 1903 in favour of power-driven aeroplanes."", ""In 1906 the brothers took out a U.S.A. patent, claiming the essential features of their improved machine."", ""The model represents the biplane used by Mr. W. Wright on the racecourse of Hunaudi\u00e8res, near Le Mans, in the autumn of 1908."", ""It consists of two horizontal superposed planes, nearly rectangular in plan, the greater length being in a direction at right angles to the line of flight."", ""At the rear is a double vertical rudder for steering in a lateral direction, and in front of the main planes two smaller superposed horizontal planes serve to control the vertical flight path of the machine."", ""These front and rear rudders are nearly balanced, so that they can be easily moved by the control levers."", ""The small semi-circular plane between the elevators is connected with the rear rudders, and is designed to act exclusively as a tell-tale."", ""The aeroplane is mounted upon two wooden runners or skids, which extend forward and form supports for the front rudder."", ""The whole structure is braced with wooden struts and wire ropes, the vertical wooden struts between the main planes being spaced at about 6 ft. intervals."", ""The planes are constructed of cotton fabric, stretched over ribbed frames; in the model the port sides of the planes and the port rudder are uncovered in order to show the construction of the framing."", ""Two seats are shown, that on the left is for the aviator, the other one being for a passenger or pupil."", ""Only two levers are used by Mr. Wilbur Wright, one on either side, the one on his left being duplicated on the right-hand side of the passenger."", ""The left-hand lever controls the front rudder only, whilst the other one has two controls."", ""A fore-and-aft motion operates the rear rudder, and a motion sideways operates the plane-warping mechanism of the machine."", ""Side balance is maintained through the warping of the wings; moreover, it is stated that the vertical rudder is never used alone in changing the direction of the machine.""], ""other"": [""Plate II"", ""Inv. 1910-40"", ""S.M. 213"", ""L.S.""]}","{""object_names"": [""Model of Wright Biplane with starting derrick and rail"", ""wooden component from model""], ""makers"": [], ""organisations/institutions"": [""Science Museum Group Collections Online""], ""dates"": [], ""places"": [], ""descriptions"": [""starting derrick and rail"", ""unmarked""], ""other"": [""Aeronautics model"", ""model""]}"
5,9,10,1,3,1,2,1,1,1,1,0,1,3,2,2,0,"{""object_names"": [""VOISIN BIPLANE""], ""makers"": [""MM. Voisin Fr\u00e8res""], ""organisations/institutions"": [""Meteorology Catalogue""], ""dates"": [""1922""], ""places"": [], ""descriptions"": [""Scale 1:10"", ""This is a model of the aeroplane constructed in 1908 by MM. Voisin Fr\u00e8res"", ""was the pioneer of the Farman biplane.""], ""other"": [""Inv. 1920-465"", ""S.M. 1380. L.S.""]}","{""object_names"": [""Voisin Aeroplane Model"", ""aircraft"", ""model""], ""makers"": [""Gabriel Voisin (1880-1973)"", ""Papault and Rouelle""], ""organisations/institutions"": [""Science Museum Group Collections Online""], ""dates"": [""circa 1908""], ""places"": [""France""], ""descriptions"": [""Model of Voisin Aeroplane"", ""Aeronautics aircraft""], ""other"": []}"
6,9,5,1,1,1,0,0,0,1,0,0,0,3,3,3,1,"{""object_names"": [], ""makers"": [""T. W. K. Clarke & Co."", ""Voisin Fr\u00e8res""], ""organisations/institutions"": [], ""dates"": [""1922"", ""1907"", ""1911""], ""places"": [], ""descriptions"": [""The first machine used by Henri Farman was made by Voisin Fr\u00e8res in 1907, and may be said to be the prototype of the highly successful Farman machine of to-day."", ""The vertical panel surfaces or side curtains of the box-kite form of biplane associated with the name of Voisin have disappeared, and in consequence the modern Farman machine is considerably lighter in appearance.""], ""other"": [""Plate IV."", ""Inv. 1911-109"", ""S.M. 258. L.S.""]}","{""object_names"": [], ""makers"": [], ""organisations/institutions"": [], ""dates"": [], ""places"": [], ""descriptions"": [""Military type"", ""Aeronautics model - representation; model - representation""], ""other"": []}"
7,20,18,2,2,1,2,1,1,3,2,3,4,7,5,3,2,"{""object_names"": [""BL\u00c9RIOT MONOPLANE. (Cross-Channel Type.)""], ""makers"": [""Messrs. T. W. K. Clarke & Co.""], ""organisations/institutions"": [""Meteorology Catalogue""], ""dates"": [""1901"", ""July, 1907""], ""places"": [""Calais"", ""Dover""], ""descriptions"": [""The earliest experiments of Mons. L. Bl\u00e9riot were made in 1901 with a flapping- wing machine which failed."", ""His first successful flight was accomplished in July, 1907, when the monoplane principle was adopted, and the steady development of this type of machine has resulted in the successful form shown by the model"", ""the most notable achievements of which were a cross-country flight of 25 miles, and the crossing of the English Channel from Calais to Dover on July 25th, 1909."", ""The model shown represents the machine known as No. XI, with which the Channel crossing was made."", ""It is of the single passenger type"", ""with the exception of the monoplane of M. Santos-Dumont (see No. 11)"", ""is the smallest which has met with any success.""], ""other"": [""Scale 1: 10"", ""Inv. 1910-34"", ""S.M. 186. L.S.""]}","{""object_names"": [""Model of Bleriot's Monoplane No. XI""], ""makers"": [""Barbara Mary Campbell"", ""Unknown maker""], ""organisations/institutions"": [""Science Museum Group Collections Online""], ""dates"": [""1962""], ""places"": [""Kingston-upon-Thames"", ""Greater London"", ""England"", ""United Kingdom""], ""descriptions"": [""With figure of Louis Bl\u00e9riot by Barbara Mary Campbell"", ""Aeronautics model - representation"", ""model - representation""], ""other"": [""scale 1.10"", ""unsigned""]}"
8,37,7,2,1,1,1,1,1,2,1,0,0,28,2,3,1,"{""object_names"": [""MONOPLANE"", ""Demoiselle""], ""makers"": [""Santos-Dumont""], ""organisations/institutions"": [""Museum""], ""dates"": [""1910"", ""1922""], ""places"": [], ""descriptions"": [""Scale 1: 10"", ""Made in the Museum, 1910"", ""As the lightest practical machine that has successfully flown the \u201cDemoiselle\u201d represented by the model is of considerable interest."", ""With it M. Santos-Dumont rose from the ground in the record time of 6\u00b72 secs., and attained the high speed of 60 miles per hour in free flight."", ""fabric which encloses the spars and bamboo ribs is double, and is formed of silk."", ""The leading and trailing edges of the planes are quite sharp, and are supported by wires held in claws at the ends of the bamboo ribs."", ""The fabric envelops the wire at the leading edge, but at the trailing edge it is laced to the wire, thus ensuring that the wings are stretched tightly."", ""The greatest camber of the planes is slightly in front of the centre and is approximately 4 in."", ""The tail is built up of fabric stretched on a bamboo frame, and moves as a whole about a universal joint formed at the after end of the chassis."", ""The lever on the right hand of the aviator elevates or depresses the tail, while the steering wheel moves it sideways, both the motions being controlled by steel wires kept taut by springs."", ""The lever at the back of the aviator controls the warping or flexing of the wings; it is attached at its upper end to his coat, so that by leaning over sideways in either direction the wings are warped as required."", ""The aviator sits beneath the engine, on a strip of canvas stretched between the two lower bamboos of the main frame."", ""The engine represented is a twin-cylinder Darracq motor of 25-30 h.p."", ""The cylinders are placed horizontally on opposite sides of the crank-case, and are 130 mm. (5\u00b712 in.) diam. by 120 mm. (4\u00b772 in.) stroke."", ""The engine is coupled directly to the propeller, which acts as a flywheel."", ""Water-cooling is employed, and the radiator, consisting of numerous small copper pipes, is placed beneath the main plane on each side."", ""The water enters the tubes from the cylinders at the top, and after traversing them is pumped back again."", ""The weight of the engine is taken at the centre by the central bamboo, and at the cylinder ends by the transverse spars of the main planes, which are themselves supported at these points by oval steel struts connected with the chassis."", ""In addition, two tie rods connect the engine at the rear with the top bamboo of the main frame."", ""The petrol tank is placed above the motor, and is shown on the model, but the water tank, which is also placed above the motor, is not represented."", ""The propeller, 6.66 ft. diameter, is of the Chauvi\u00e8re type built up in walnut, and makes 1,500 revolutions per minute."", ""Length over main planes, 18 ft.;"", ""breadth of planes, 6.4 ft.;"", ""total length of machine, 20 ft.;"", ""main supporting surface, 115 sq. ft.;"", ""aspect ratio, 2.8;"", ""total weight of machine without pilot, 242 lb.""], ""other"": [""S.M. 215"", ""L.S.""]}","{""object_names"": [], ""makers"": [], ""organisations/institutions"": [""Science Museum Group Collections Online""], ""dates"": [""1909-1910""], ""places"": [], ""descriptions"": [""Model of Santos-Dumont's Monoplane 'Demoiselle'"", ""Aeronautics model - representation; model - representation""], ""other"": [""Inv. 1910-35""]}"
9,25,6,1,1,1,0,1,0,1,1,4,0,14,2,3,2,"{""object_names"": [], ""makers"": [""Messrs. Philipp Spandow, Ltd.""], ""organisations/institutions"": [""Germany"", ""Austria""], ""dates"": [""1911"", ""1908""], ""places"": [""Munich"", ""Berlin""], ""descriptions"": [""Type of monoplane represented, which, in Germany, is known by the name of \u201cRumpler\u201d or \u201cRumpler-Taube,\u201d and in Austria by the name of \u201cEtrich,\u201d was designed by Etrich and Wels in 1908."", ""The machine then built, named the \u201cEtrich Wels III,\u201d was very similar to the modern Etrich monoplane, so successful in Austria, excepting that it had a front elevating plane that has since been removed."", ""Both in Austria and in Germany this type of monoplane is greatly relied upon for military purposes, and many fine flights stand to its credit in both countries."", ""With a Rumpler monoplane Hirth won the first German reliability competition, and in 1911 flew from Munich to Berlin with the same type of machine."", ""The entire construction is on similar lines to those adopted by Lilienthal in his glider, and, on account of the general resemblance of the machine to a bird it was often called \u201cTaube\u201d or \u201cpigeon.\u201d"", ""The main frame of the machine consists of a central fuselage built of wood and entirely enclosed."", ""It is of trapezoidal section at the front, where it affords accommodation for seats for the pilot and passenger tandem fashion."", ""At the rear of the frame the transverse section changes into a triangular one."", ""The supporting planes are shaped like a bird's wings, and the entire rear edge is flexible."", ""The trailing edges of each plane or wings are curved upward at the tips, and this construction is stated to give great automatic stability."", ""The two wings are set at a small dihedral angle."", ""The main bracing of the wings consists of a single girder built of wood, placed laterally under the planes."", ""The latter are braced by a large number of stay wires, both above and below, and the method followed is similar to that adopted by Lilienthal."", ""The tail of the machine, which resembles that of a bird, extends from the after end of the fuselage, and consists of a horizontal and two vertical surfaces."", ""The control for the horizontal portion of the tail, i.e. the elevator, is by means of a column or vertical lever pivoted at its base to move backward and forward."", ""A forward push away from the pilot turns the tail down and elevates the machine."", ""The rudder consists of two triangular surfaces, one above and one below the elevator, and is operated by pedals."", ""Warping of the wings is accomplished by wire and pulley connections to a steering wheel mounted on the control column."", ""The landing chassis is of the Bl\u00e9riot type, and consists of two bicycle wheels at the front of the machine, together with a rear skid."", ""The wheels, except in the military type, can be steered while the machine is running over the ground."", ""Power is supplied by a four-cylinder, water-cooled motor of 70 h.p., built in the front of the fuselage, the radiators being on each side of the latter."", ""The principal dimensions of the monoplane are: Span of wings, 46 ft.; total length of machine, 34 ft.; speed, about 50 miles per hour.""], ""other"": [""Scale 1:10"", ""S.M. 353"", ""L.S.""]}","{""object_names"": [], ""makers"": [], ""organisations/institutions"": [], ""dates"": [], ""places"": [], ""descriptions"": [""Aeronautics models; aircraft; models; aircraft""], ""other"": [""Inv. 1913-442""]}"
10,22,6,3,2,1,0,2,0,2,1,0,0,11,2,3,1,"{""object_names"": [""WRIGHT BIPLANE"", ""Wright passenger biplane of 1911"", ""\u201cBaby\u201d Wright machine of 1910""], ""makers"": [""Messrs. Philipp Spandow, Ltd.""], ""organisations/institutions"": [""N.A.G. (Neue Automobile Gesellschaft)"", ""original Wright design""], ""dates"": [""1913"", ""1910""], ""places"": [], ""descriptions"": [""Scale, 1: 10"", ""model represents the Wright passenger biplane of 1911"", ""machine differs in several essential points from the original Wright design"", ""most noticeable departure consists in placing the monoplane elevator at the rear of the machine, where it forms part of the tail"", ""double elevator which was formerly at the front of the machine disappears entirely"", ""merely a pair of small surfaces, situated above and on the skids, fulfilling the same purpose as the half-moon shaped planes fitted between the front elevating planes in the earlier design"", ""surfaces tend to make the machine sensitive to movements of the rudder"", ""second important departure from the standard practice is the control, known as the Orville Wright control"", ""left-hand lever operates the simple elevator as previously, but it is fitted with a friction brake which automatically locks the lever in any desired position"", ""movements of the right-hand lever differ in their result entirely from those of the corresponding lever of the earlier design"", ""fore-and-aft movement of the lever warps the wing tips, and also moves the rudder, both these movements being obtained simultaneously"", ""handle of the lever is hinged, and can be moved sideways by a wrist movement independently of the lever itself"", ""handle is connected by means of a bell-crank lever and rod with a free quadrant on the operating rock-shaft, the quadrant being connected with the rudder"", ""similar quadrant on the operating rock-shaft connected with the wing tips is rigidly attached to the lever itself, and when the lever is moved to and fro both quadrants rotate, the free disc then becoming locked to the lever by a stiff spring"", ""engine fitted is of the N.A.G. (Neue Automobile Gesellschaft) type, having four cylinders mounted on an aluminium crank-case"", ""capable of developing 55 h.p. at 1,603 revolutions per minute"", ""On the continent this type of engine was much used, especially for military aeroplanes"", ""complete description of the original type of Wright biplane with the Wilbur Wright control is shown with the model of the machine (see No. 7)"", ""Length of each main plane, 39 ft."", ""chord, 6\u00b725 ft."", ""space between planes, 6 ft."", ""over-all length, 27\u00b75 ft.""], ""other"": [""Inv. 1913-441"", ""S.M. 415"", ""L.S.""]}","{""object_names"": [""Wright Model B Biplane"", ""Wright (model B) passenger Biplane""], ""makers"": [], ""organisations/institutions"": [], ""dates"": [""1911-1913""], ""places"": [], ""descriptions"": [""Aeronautics model aircraft"", ""model aircraft""], ""other"": []}"
11,27,5,1,1,1,1,1,0,6,0,1,0,16,2,1,1,"{""object_names"": [], ""makers"": [], ""organisations/institutions"": [""The War Office""], ""dates"": [""1913"", ""1908"", ""September, 1912"", ""previous August"", ""August, 1913""], ""places"": [""Cambridge""], ""descriptions"": [""Mr. S. Cody had gained considerable experience both with man-lifting kites and with the dirigible balloon \""Nulli Secundus\"" before he designed his first aeroplane with which, in 1908, he made his first flight."", ""The machine shown is his only biplane now remaining, and is the actual one which flew over Cambridge during the military man\u0153uvres of September, 1912."", ""It is practically identical in design with its predecessor, with which Mr. Cody won the military competition in the previous August."", ""The aeroplane which was used by Mr. Cody when he met with a fatal accident in August, 1913, was similar in general features to these machines, but the divided elevator shown was replaced by a single elevator, and floats were substituted for the landing chassis in order to convert the machine into a hydro-aeroplane."", ""One of the chief features of the machine shown is the divided front elevator, the two portions of which are capable of being warped in unison with the warping control of the main planes, as well as of being employed as an ordinary single elevator."", ""The elevators are carried at their ends by long bamboo outriggers fastened to the ends of the struts between the main planes, and at the centre by outriggers carried to the landing chassis, and to the centre of the upper plane."", ""There is no rear elevator."", ""The tail, which is supported by long outriggers, consists of twin rudders, together with a pair of small fixed horizontal planes that serve as damper planes and help to preserve the longitudinal stability of the machine."", ""Control is effected by means of a universally-pivoted rod with a hand-wheel top, the feet being entirely free. This rod is free to move either laterally or fore-andaft, as well as to rotate on its axis. The last-named movement is used to control the rudders; the fore-and-aft movement of the lever controls the elevators acting as one, whilst the lateral motion operates the warping mechanism, the rudders and the differential movement of the elevators."", ""The steering wheel is used for separate rudder control when turning."", ""Immediately behind the pilot's seat is a passenger seat, whilst two other passenger seats were sometimes placed behind the pilot, but outside the \"" nacelle.\"""", ""The landing chassis is of heavy construction, and consists of a long stout central skid carrying a small pair of wheels in front, together with a larger pair situated in front of and under the main planes."", ""These wheels are mounted on vertical telescopic tubes with spring shock absorbers; the wheel track is 3.5 ft. gauge."", ""Small wheels are fitted as fenders to the wing tips."", ""In the construction of the machine silver spruce was used for the spars and struts, hickory for the landing chassis, and bamboo bound with tape for the outriggers."", ""The motor, which was of the six-cylinder Austrian Daimler type of 120 h.p., was carried on bearers placed on a platform supported from the chassis by diagonal struts. It drove a propeller, of Mr. Cody's design, 10.5 ft. diameter, at a comparatively low speed through a twin roller chain reduction gear."", ""Span, 43 ft.; length, 34.3 ft.; chord, 5.5 ft.; gap, 6.5 ft.; main supporting surface, 430 sq. ft.; total supporting surface, 500 sq. ft.; total weight in flying order, 2,680 lb.; weight, empty, about 1,900 lb.""], ""other"": [""Inv. 1913-136""]}","{""object_names"": [], ""makers"": [], ""organisations/institutions"": [], ""dates"": [], ""places"": [], ""descriptions"": [""without engine"", ""skid""], ""other"": [""No. 304"", ""Aeronautics"", ""biplane Cody (designer)""]}"
12,19,6,1,1,1,0,1,0,3,0,0,0,10,3,3,2,"{""object_names"": [""SHORT TWIN-ENGINE BIPLANE""], ""makers"": [""Messrs. Short Bros.""], ""organisations/institutions"": [""Lieut.-Colonel F. K. McClean, A.F.C.""], ""dates"": [""1913"", ""August, 1911"", ""1910""], ""places"": [], ""descriptions"": [""Scale about 1 : 12."", ""model of the first practical twin-engine aeroplane"", ""In general features the machine resembles the Farman biplane of 1910."", ""There are two elevators, one at the front and the other at the rear of the machine."", ""These are simultaneously operated by a pivoted column on which is mounted a wheel that operates the ailerons."", ""Triple rudders are employed, and are controlled by a pedal of the usual Farman type."", ""The landing chassis and all the details of construction have been specially strengthened owing to the extra weight carried."", ""Power is provided by two 50 h.p. Gnome motors placed on the fore-and-aft centre line, and revolving in opposite directions."", ""The front motor drives, by chain gearing, two tractor screws of high pitch, in a similar manner to that adopted on the Wright biplane."", ""The rear motor drives a single propeller of low pitch at high speed, as on the Farman machine."", ""Either motor may be operated separately."", ""The difference in form between the slow-speed tractor screws and the high-speed propeller should be noted."", ""The speed of this machine was said to range from 35 to 55 miles per hour, depending on whether one or both motors were used.""], ""other"": [""Inv. 1913-447"", ""S.M. 1489."", ""L.S""]}","{""object_names"": [""Twin-engine biplane Model""], ""makers"": [], ""organisations/institutions"": [], ""dates"": [], ""places"": [], ""descriptions"": [""scale 1:12"", ""Short twin-engine biplane Aeronautics model - representation"", ""model - representation""], ""other"": [""Aeronautics""]}"
13,31,8,2,2,2,1,1,0,5,1,3,1,14,3,4,0,"{""object_names"": [""HYDRO-AEROPLANE"", ""biplane""], ""makers"": [""Messrs. Short Bros."", ""Lieut.-Colonel F. K. McClean, A.F.C.""], ""organisations/institutions"": [""A.F.C.""], ""dates"": [""1913"", ""1911"", ""1912"", ""August, 1912"", ""1913""], ""places"": [""Isle of Sheppey"", ""Westminster"", ""Thames""], ""descriptions"": [""Scale 1 : 12"", ""Lent by Lieut.-Colonel F. K. McClean, A.F.C., 1913."", ""The biplane represented was built by Messrs. Short Bros. in 1911 as a land machine, and was used for military purposes."", ""The landing chassis was replaced by floats in 1912, and the model represents the waterplane used by Colonel McClean in his flight up the Thames from the Isle of Sheppey to Westminster in August, 1912."", ""The machine is of the military type, with wing extensions to the upper main planes supported by stays attached to the extremities of the lower planes, and in this and other respects the construction of the machine resembles that of the Farman biplane (see No. 9)."", ""The tail consists of a horizontal lifting plane with a hinged member forming part of the elevator, together with a divided rudder, half above and half below the horizontal plane."", ""A front elevator is provided, and is operated in unison with the rear elevator by a vertical lever."", ""From this lever wires also pass to the hinged flaps or \u201c ailerons \u201d controlling the lateral stability of the machine."", ""The rudder is operated by a pedal as in the Farman biplane."", ""Motive power was supplied by a 50 h.p. Gnome engine."", ""The floats are shown constructed entirely of wood, but the actual floats were built up of double canvas tops and sides, the remaining parts being of three-ply wood on a frame of laths."", ""Span, top plane, 62 ft.; bottom plane, 46 ft.; gap, 6.5 ft.; supporting surface, 729 sq. ft.; approximate weight of machine, empty, 1,437 lb.; weight, including fuel, oil, passengers, &c., 2,100 lb."", ""Floats: Length over-all, 14.5 ft.; beam, 1.75 ft.; depth, 1.4 ft.; capacity, 24 cub. ft."", ""S.M. 1486.""], ""other"": [""Inv. 1913-661"", ""L.S."", ""Scale 1 : 12"", ""50 h.p. Gnome engine""]}","{""object_names"": [""Float Seaplane model"", ""model""], ""makers"": [], ""organisations/institutions"": [], ""dates"": [], ""places"": [""Thames""], ""descriptions"": [""used by Mr. McLean for going up the Thames, August 1912"", ""Aeronautics model - representation"", ""representation""], ""other"": []}"
14,24,4,1,2,1,0,2,0,3,0,1,0,13,2,3,0,"{""object_names"": [""FARMAN MILITARY BIPLANE""], ""makers"": [""T. W. K. Clarke & Co.""], ""organisations/institutions"": [""Messrs."", ""Henri Farman""], ""dates"": [""1914"", ""1911"", ""1912""], ""places"": [""Billancourt (Seine)""], ""descriptions"": [""Scale 1 : 12."", ""This model represents the military biplane of the 1913 type, designed by M. Henri Farman."", ""It should be compared with the Farman biplane of 1911 (see No. 9), from which it was evolved."", ""The brothers Maurice and Henri Farman combined in 1912 to manufacture aeroplanes in large quantities; they established a headquarters at Billancourt (Seine)."", ""The 1913 Henri Farman showed many improvements in design, the result of innumerable flights and experiments conducted with the object of producing a machine of greater speed and capable of quick man\u0153uvre."", ""An aluminium nacelle was fitted in the centre section of this machine."", ""It contained seats for the pilot and observer; the latter occupied the rear seat, which was on a slightly higher level."", ""The longerons, rudder post, and under-carriage were made of steel tubing, a departure from previous Farman practice."", ""The forward elevator was abolished, a single rear plane and elevator being employed with a single rudder in place of that in duplicate on the earlier model."", ""The modern type of spring tail skid was also fitted."", ""A 70\u201380 h.p. Gnome engine was used with this as with the earlier machine."", ""Length, 26.25 ft.; span of the top plane, 42.75 ft.; area, 376 sq. ft.; total weight, 793 lb.; useful weight, 661 lb.; maximum speed, about 65 miles per hour; endurance, 3 hours.""], ""other"": [""Inv. 1914-218"", ""S.M. 600"", ""L.S.""]}","{""object_names"": [""Henry Farman Biplane, 1913 type"", ""model aircraft""], ""makers"": [], ""organisations/institutions"": [], ""dates"": [], ""places"": [], ""descriptions"": [""Aeronautics model aircraft""], ""other"": []}"
15,40,13,1,2,1,1,3,1,1,1,1,1,32,5,1,2,"{""object_names"": [""AVRO BIPLANE. (Type 504K.)""], ""makers"": [""A. V. Roe & Co., Ltd.""], ""organisations/institutions"": [""The Disposal Board, Ministry of Munitions"", ""Royal Air Force"", ""Ministry of Munitions""], ""dates"": [""1920""], ""places"": [""Manchester""], ""descriptions"": [""standard training machine"", ""designed in 1913 for an 80 h.p. Gnome engine"", ""used successfully during the war"", ""remains unaltered in all its essential aerodynamic features and main dimensions"", ""slightly modified and fitted with a more powerful engine"", ""two-seater biplane"", ""fuselage of rectangular section"", ""built up of ash longerons"", ""channelled out between the strut attachments"", ""strengthened by flanges of three-ply wood"", ""fuselage terminates in a vertical knife edge"", ""sternpost to which is hinged a balanced rudder"", ""usual Avro type"", ""tail plane and elevators"", ""stout ash tail skid"", ""front portion of the fuselage carries the engine"", ""enclosed by a metal cowl"", ""pilot and passenger's cockpits"", ""rotary type engine"", ""supported in two steel plate bearers"", ""mounted in the nose of the fuselage"", ""inspection door provided on each side of the cowling"", ""petrol and oil tanks are mounted"", ""small gravity tank fitted in the centre section of the main planes"", ""centre section, which is horizontal"", ""supported by two pairs of ash struts"", ""from the fore part of the fuselage to the sides of which the main planes are attached"", ""Four pairs of hollow spruce struts connect the upper and lower supporting surfaces"", ""rigidly braced together"", ""pronounced stagger as well as a slight dihedral"", ""lift, landing, and incidence wires of the main planes"", ""stranded steel cable"", ""lift wires being duplicated throughout, except in the inner front bays"", ""controls consist of a vertical lever pivoted on a longitudinal rocking shaft and a foot-bar operating the rudder through duplicated control wires"", ""fore-and-aft movement of the vertical lever operates the elevator"", ""lateral motion actuates the ailerons"", ""complete dual control is fitted"", ""switch system is arranged with a master switch in the pilot\u2019s cockpit"", ""under-carriage comprises two pairs of hollow steel stream-line vee-struts"", ""carrying on their lower extremities a stout ash skid"", ""slight downward tilt forward"", ""tubular axle is fitted"", ""from each end of which two steel tubes run to a cross-piece"", ""another single tube, pivoted to the lower longeron carries another cross-piece on its lower extremity"", ""springing of the wheels is effected by rubber shock absorbers"", ""connect the two cross-pieces"", ""enclosed in a stream-line metal casing"", ""Length, 29 ft. 5 in."", ""height, 10 ft. 6.5 in."", ""dihedral angle, 2.5 degrees"", ""angle of incidence (main planes), 4 degrees"", ""stagger of main planes, 2 ft."", ""span of main planes, 36 ft."", ""chord of main planes, 4 ft. 9.75 in."", ""gap, 5 ft. 6 in."", ""span of tail plane, 10 ft."", ""main plane area, 330 sq. ft."", ""petrol capacity, 25.5 gallons"", ""oil capacity, 6 gallons"", ""power, 130 h.p."", ""weight (light), 1,231 lb."", ""weight (fully loaded), 1,829 lb."", ""loading, 5.54 lb. per sq. ft."", ""maximum speed, 95 miles per hour"", ""cruising speed, 70 miles per hour"", ""landing speed, 40 miles per hour""], ""other"": [""Inv. 1920-52.""]}","{""object_names"": [""Avro 504K biplane"", ""aeroplanes; aircraft; biplanes; engines; logs (records); watches""], ""makers"": [""A.V. Roe and Co.""], ""organisations/institutions"": [""Science Museum Group Collections Online""], ""dates"": [""c 1917""], ""places"": [""England""], ""descriptions"": [""no. 52090"", ""Mk.V watch""], ""other"": [""D7560"", ""130hp Clerget engine""]}"
16,15,3,1,1,1,0,1,0,1,0,0,0,10,2,1,0,"{""object_names"": [""BLACKBURN \u201c NIB \u201d FLYING BOAT.""], ""makers"": [""The Blackburn Aeroplane and Motor Co., Ltd.""], ""organisations/institutions"": [""The Blackburn Aeroplane and Motor Co., Ltd.""], ""dates"": [""1920"", ""1914\u201318""], ""places"": [], ""descriptions"": [""designed to act as escort to the large bombing flying boats which were used during the war"", ""A biplane form of tail is fitted"", ""two rudders are also provided"", ""The engine is mounted high up between the planes, so that the propeller is well above the hull of the boat."", ""Span, top plane, 34 ft. 10 in."", ""lower plane, 29 ft. 4 in."", ""chord, 5 ft. 6 in."", ""length, 28 ft. 3 in."", ""wing area, 314 sq. ft."", ""gap, 6 ft. 9 in."", ""stagger, 3 degrees"", ""engine, 200 h.p. Hispano-Suiza"", ""weight, empty, 1,721 lb."", ""loaded, 2,390 lb."", ""speed, 114 miles per hour"", ""maximum attainable height, 16,000 ft.""], ""other"": [""Inv. 1920-453""]}","{""object_names"": [""Blackburn nib flying boat model""], ""makers"": [], ""organisations/institutions"": [], ""dates"": [], ""places"": [], ""descriptions"": [""Model of \""Blackburn Nib\"" Flying Boat"", ""Aeronautics model - representation; model - representation""], ""other"": []}"
17,17,5,1,1,1,0,1,0,3,0,0,0,7,3,4,1,"{""object_names"": [], ""makers"": [""Sopwith Aviation Co.""], ""organisations/institutions"": [""Sopwith Aviation Co.""], ""dates"": [""1921"", ""end of 1913"", ""1914""], ""places"": [], ""descriptions"": [""small tractor biplane"", ""designed with the object of attaining very high speed together with capability of quick man\u0153uvre"", ""specially suitable for scouting"", ""forerunner of many models produced by this firm during the war (1914\u201318)"", ""fitted with an 80 h.p. Gnome engine"", ""top planes are secured to a centre panel supported above the fuselage by two pairs of struts; there are two other pairs of struts which separate the main planes near their extremities"", ""bottom planes are attached to the lower portion of the fuselage, which is of the usual Sopwith design"", ""slight dihedral angle"", ""main planes are staggered to the extent of 1 foot"", ""Span, 25 ft. 6 in."", ""over-all length, 20 ft."", ""gap, 4 ft. 3 in."", ""total area of main planes, 240 sq. ft."", ""area of elevators, 12 sq. ft."", ""loading, 3 lb. per sq. ft."", ""fully loaded, 4.5 lb."", ""weight, empty, 670 lb."", ""weight, with pilot and fuel for 3.5 hours, 1,060 lb.""], ""other"": [""Scale approximately 1:17."", ""Inv. 1921-25."", ""S.M. 1384."", ""L.S.""]}","{""object_names"": [], ""makers"": [], ""organisations/institutions"": [], ""dates"": [], ""places"": [], ""descriptions"": [""Speed Scout"", ""Aeronautics model - representation"", ""model - representation""], ""other"": []}"
18,20,4,1,1,1,0,2,0,2,0,0,0,10,2,4,1,"{""object_names"": [""SOPWITH \u201c 1\u00bd STRUTTER.\u201d""], ""makers"": [""Sopwith Aviation Co.""], ""organisations/institutions"": [""Sopwith Aviation Co."", ""British and French Governments""], ""dates"": [""1921"", ""(1914\u201318)""], ""places"": [], ""descriptions"": [""model represents the two-seater fighting aeroplane"", ""armament consisted of two machine guns, one firing through the airscrew and one mounted on the Sopwith scarff ring, this latter being operated by the observer"", ""machine was also used as a single-seater bomber, in which case the observer was dispensed with and 350 lb. of bombs were carried"", ""A Vickers machine gun is arranged to fire through the tractor airscrew, being actuated by the engine in the manner detailed in the description of the Sopwith \u201c Salamander\u201d (see No. 24)."", ""A Lewis gun is operated by the observer in rear of the pilot."", ""This gun has a special mounting, which provides a wide field of fire."", ""machine was very successfully used for long-distance bombing."", ""Span, 33 ft. 6 in."", ""gap, 5 ft. 4\u00b775 in."", ""over-all length, 25 ft. 3 in."", ""chord, 5 ft. 6 in."", ""stagger, 2 ft."", ""speed at 10,000 ft., 98\u00b75 miles per hour"", ""climbs to 10,000 ft. in 24\u00b75 minutes"", ""(Scale approximately 1:17.)""], ""other"": [""Received 1921"", ""Inv. 1921-27."", ""S.M. 1388."", ""L.S.""]}","{""object_names"": [""Sopwith 1 1/2 Strutter""], ""makers"": [], ""organisations/institutions"": [], ""dates"": [], ""places"": [], ""descriptions"": [""Aeronautics model"", ""representation; model - representation""], ""other"": []}"
19,23,3,1,1,1,0,2,0,3,0,0,0,12,2,4,0,"{""object_names"": [], ""makers"": [""Sopwith Aviation Co.""], ""organisations/institutions"": [""Sopwith Aviation Co."", ""Meteorology Catalogue""], ""dates"": [""1922"", ""1921"", ""1916"", ""1914\u201318""], ""places"": [], ""descriptions"": [""Scale approximately 1:17."", ""This model represents the single-seater triplane constructed by the Sopwith Aviation Co., in 1916."", ""It was designed with a view to attaining very high speed together with the capability of quick man\u0153uvre, and was used successfully for scouting and fighting purposes during the war (1914\u201318)."", ""It was considered, at the time of its inception, to be one of the fastest machines in the world."", ""The aeroplane is capable of climbing quickly to a considerable height, and this, together with its high speed, makes it very suitable for fighting purposes."", ""The armament consists of one Vickers machine gun, arranged to fire through the airscrew."", ""A 100 h.p. Clerget rotary engine is the power unit usually fitted."", ""Note-worthy features of design are the arrangement of interplane struts and the relatively high aspect ratio of the planes."", ""The struts are not duplicated, as is usual in multiplane construction, the necessary strength being provided by increasing their depth."", ""They are only six in number, two forming the centre section."", ""There is a pronounced stagger between the main planes."", ""The fuselage, undercarriage, and tail plane are of usual Sopwith design."", ""Span, 26 ft. 6 in. ; span of tail plane, 8 ft. ; height, 10 ft. 6 in. ; over-all length, 19 ft. ; speed at 10,000 ft., 109 miles per hour ; climbs to 10,000 ft. in 11 minutes.""], ""other"": [""Inv. 1921-26."", ""S.M. 1386."", ""L.S."", ""Scale approximately 1:17.""]}","{""object_names"": [], ""makers"": [], ""organisations/institutions"": [], ""dates"": [], ""places"": [], ""descriptions"": [""Aeronautics model - representation"", ""model - representation""], ""other"": []}"
20,19,3,1,1,1,0,1,0,3,0,0,0,6,1,7,1,"{""object_names"": [""SOPWITH \u201cSALAMANDER.\u201d""], ""makers"": [""Sopwith Aviation Co.""], ""organisations/institutions"": [""Sopwith Aviation Co.""], ""dates"": [""1922"", ""1921"", ""1918""], ""places"": [], ""descriptions"": [""Scale approximately 1:17"", ""This model represents a single-seater biplane constructed in 1918 by the Sopwith Aviation Co., for use against infantry in trench warfare."", ""It was specially designed for low flying, the pilot being protected from machine-gune fire by 690 lb. of armour plate."", ""The armament consisted of two Vickers machine guns arranged to fire through the tractor airscrew."", ""This machine is particularly suitable for contact patrol work in connection with the advance of infantry, its rapid climb enabling it to be taken out of action when the objective is passed."", ""When it is desired to attack, the nose of the machine is pointed at the target to enable the fixed guns to be brought into action."", ""The two Vickers guns, which fire through the airscrew parallel to the line of flight, are actuated by the engine, a synchronising gear being used."", ""The drive from the engine actuates a cam which gives motion to links and levers which operate the lever trigger bars of the guns."", ""When the control levers are depressed the guns continue to fire at proper intervals until the pressure is released."", ""A 228 b.h.p. rotary B.R. 2 engine is fitted."", ""Span, 31 ft. 3 in."", ""gap, 4 ft. 3 in."", ""over-all length, 19 ft. 6 in."", ""maximum height, 9 ft. 4 in."", ""chord, 5 ft."", ""span of tail, 9 ft. 2 in."", ""weight, empty, 1,700 lb."", ""loaded, 2,945 lb."", ""weight per h.p., 11\u00b735 lb."", ""loading per sq. ft., 9\u00b77 lb."", ""tank capacity, 1\u00b75 hour at ground level, or 29 gallons."", ""The machine has a speed, at 500 ft., of 125 miles per hour, and is capable of climbing to 10,000 ft. in 17\u00b75 minutes.""], ""other"": [""Inv. 1921-28"", ""S.M. 1387"", ""L.S."", ""228 b.h.p. rotary B.R. 2 engine"", ""Vickers machine guns"", ""synchronising gear"", ""tractor airscrew""]}","{""object_names"": [""Model of Sopwith Salamander""], ""makers"": [], ""organisations/institutions"": [], ""dates"": [], ""places"": [], ""descriptions"": [""Aeronautics model - representation; model - representation""], ""other"": []}"
21,25,5,1,2,1,1,2,0,3,0,0,0,15,2,3,0,"{""object_names"": [""HANDLEY PAGE BIPLANE. (Type V/1500.)""], ""makers"": [""Messrs. Handley Page Transport, Ltd.""], ""organisations/institutions"": [""Handley Page Transport, Ltd."", ""Handley Page""], ""dates"": [""1921"", ""1918"", ""1916""], ""places"": [], ""descriptions"": [""Scale approximately 1:24."", ""This model represents the large four-engined biplane built by Handley Page in 1918."", ""It was designed originally for long-distance night bombing, but is easily convertible into a commercial vehicle by the removal of the guns, bombgear, &c., and by refitting the fuselage."", ""When used for transport purposes it is capable of accommodating 45 passengers, in addition to a crew of three, and 10,000 lb. of goods, with fuel for 400 to 500 miles."", ""The Handley Page biplane, type V/1500, was a development of the twin-engined bomber of 1916."", ""It was designed to operate over long distances, the fuel capacity being for a 14 hours\u2019 flight."", ""The upper and lower planes of this machine are of equal span, but the latter has a slight dihedral."", ""There is a decided sweep-back on both planes."", ""The fuselage has a passage running along its whole length."", ""A gunner\u2019s cockpit is provided behind the tail plane, the armament so placed protecting the machine from a rear attack."", ""A gun is also fitted in the front of the fuselage."", ""The undercarriage consists of two pairs of Vees, arranged one under each pair of power units."", ""The front legs of the Vees carry shock absorbers enclosed in a stream-line fairing, the rear members being hinged."", ""Four Rolls-Royce Eagle engines, of 375 h.p. each, are usually fitted."", ""Alternatively, four B.H.P. Atlantic engines of 500 h.p. each or four Napier Lion engines may be used."", ""The two forward units drive tractor airscrews of 13 ft. 5 in. diameter, while the rear units drive propellers with a diameter of 10 ft. 4 in."", ""Span, 126 ft.; maximum gap, 15 ft; minimum, 12 ft.; chord, 12 ft.; total surface of main planes, 3,000 sq. ft.; weight, empty, 15,000 lb.; weight per h.p., 21 lb.; loading, 10 lb. per sq. ft.; tank capacity, 14 hours; speed low down, 103 miles per hour; speed at 10,000 ft., 95 miles per hour; landing speed, 50 miles per hour.""], ""other"": [""Inv. 1921-71."", ""S.M. 1491."", ""L.S.""]}","{""object_names"": [""Handley Page aeroplane"", ""Model of Handley Page 4-engined aeroplane type V/1500.""], ""makers"": [], ""organisations/institutions"": [], ""dates"": [], ""places"": [], ""descriptions"": [""Aeronautics model - representation"", ""model - representation""], ""other"": []}"
22,38,11,1,2,1,1,2,2,2,1,1,1,28,3,3,1,"{""object_names"": [""VICKERS - VIMY ROLLS - ROYCE\u201d AEROPLANE""], ""makers"": [""Messrs. Vickers, Ltd., London, S.W.""], ""organisations/institutions"": [""Vickers, Ltd.""], ""dates"": [""1919"", ""14th\u201315th June, 1919""], ""places"": [""Weybridge""], ""descriptions"": [""original machine on which the first direct trans-Atlantic flight was made"", ""Captain Sir John Alcock, K.B.E., D.S.C., and Lieutenant Sir Arthur Whitten Brown, K.B.E."", ""flying over a distance of 1,890 miles (3,041 kilometres)"", ""in 15 hours 57 minutes"", ""at an average speed of 118\u00b75 miles, or 190\u00b77 kilometres, per hour"", ""twin-engined biplane"", ""inherently stable"", ""originally designed as a heavy bomber"", ""slightly modified to enable it to accommodate sufficient fuel for the trans-Atlantic flight"", ""The centre section of the main planes, which is horizontal, carries the two engines, each of which is enclosed, with its radiator and an oil tank, in a casing of approximately stream-line form, and supported between the wings by four vertical circular steel struts with wooden fairings"", ""A service petrol tank is fitted in the centre section of the upper plane"", ""The main planes on each side of the centre section have a dihedral angle of 3 degrees, and are set to an angle of incidence of 3\u00bd degrees"", ""The spars, which are of box section, are built up of spruce and three-ply and bound with fabric, while the interplane struts, with the exception of those carrying the engines, are of solid spruce"", ""The upper and lower wings are of equal span and carry balanced ailerons"", ""The fuselage is constructed in two parts, the forward portion ahead of the main plane rear spars being of steel tube, while the longerons of the rear portion are of McGruer\u2019s patent wooden tube, and are braced with swaged steel tie-rods"", ""The two seats are arranged side by side, immediately behind a large petrol tank, in the nose of the machine"", ""The tail, which is fitted with two balanced rudders and two fins, is of biplane form, each plane being set at an angle of 2\u00bd degrees with the axis of the fuselage, and fitted with an elevator in the rear"", ""The undercarriage is in two parts, each of which comprises a V-type landing gear attached to the main planes beneath the engine bay"", ""The power is provided by two 360 h.p. Rolls-Royce \u201c Eagle 8 \u201d engines, described in an adjacent label, each driving a four-bladed tractor airscrew through an epicyclic reduction gear"", ""Length, 42 ft. 8 in."", ""height, 15 ft. 3 in."", ""span of main planes, 68 ft."", ""chord, 10 ft. 6 in."", ""gap, 10 ft."", ""span of tail plane, 16 ft."", ""chord of tail plane and elevator, 6 ft. 2\u00bd in."", ""petrol capacity, 865 gallons"", ""oil capacity, 50 gallons"", ""weight, empty, approximately 7,000 lb., or 3 tons"", ""weight, fully loaded for trans-Atlantic flight, 13,300 lb., or approximately 6 tons"", ""loading, 10 lb. per sq. ft."", ""maximum speed, 120 miles per hour"", ""cruising speed, 90 miles per hour"", ""landing speed, 45 miles per hour"", ""range, 2,440 miles""], ""other"": [""Inv. 1919-476"", ""S.M. 1154"", ""L.S.""]}","{""object_names"": [""Vickers Vimy Biplane"", ""Vickers Vimy/Rolls-Royce Biplane""], ""makers"": [], ""organisations/institutions"": [""Science Museum Group Collections Online""], ""dates"": [""1919""], ""places"": [""Weybridge""], ""descriptions"": [""complete with two Rolls-Royce engines and propellers"", ""three detachable wheel shields"", ""Aeronautics aircraft; aircraft""], ""other"": []}"
23,13,4,1,1,1,0,2,0,1,0,1,0,4,2,3,1,"{""object_names"": [], ""makers"": [""F. J. Smith, Esq.""], ""organisations/institutions"": [""Central Aircraft Co."", ""London""], ""dates"": [""1921"", ""1919""], ""places"": [], ""descriptions"": [""model shown represents a two-seater dual-control biplane"", ""designed and first manufactured"", ""primarily intended for training purposes"", ""with certain modifications, it may be used as a three-seater for passenger carrying"", ""may also be converted into a seaplane by the addition of a pair of pontoon floats""], ""other"": [""Inv. 1921-530"", ""S.M. 1490"", ""L.S""]}","{""object_names"": [], ""makers"": [], ""organisations/institutions"": [], ""dates"": [], ""places"": [], ""descriptions"": [""Aeronautics model - representation"", ""model - representation""], ""other"": []}"
24,12,4,1,1,1,0,1,0,2,0,1,0,3,2,3,1,"{""object_names"": [], ""makers"": [""Petters, Ltd.""], ""organisations/institutions"": [""Yeovil""], ""dates"": [""1920"", ""1922""], ""places"": [], ""descriptions"": [""small four-seater passenger-carrying machine"", ""Noteworthy details of construction are the arrangement of the four seats and the patented tail plane adjustment gear."", ""The mechanism of the latter is not shown in the model.""], ""other"": [""Scale 1 : 12"", ""Inv. 1920-452"", ""S.M. 1485"", ""L.S.""]}","{""object_names"": [], ""makers"": [], ""organisations/institutions"": [], ""dates"": [], ""places"": [], ""descriptions"": [""Aeronautics model - representation"", ""model - representation""], ""other"": []}"
25,24,5,1,3,1,0,1,0,1,0,1,0,16,2,3,0,"{""object_names"": [""\""BRISTOL\"" PULLMAN TRIPLANE""], ""makers"": [""The Bristol Aeroplane Co., Ltd.""], ""organisations/institutions"": [""Bristol Aeroplane Co., Ltd.""], ""dates"": [""1920""], ""places"": [""Bristol""], ""descriptions"": [""model represents the large passenger-carrying aeroplane"", ""manufactured by the Bristol Aeroplane Co."", ""capable of accommodating fourteen persons, in addition to the pilot and mechanic."", ""for a non-stop flight of 600 miles."", ""machine climbs to 5,000 ft. in 5 minutes"", ""climbs to 10,000 ft. in 12 minutes"", ""maximum attainable height is about 15,000 ft. with full load."", ""has a lifting capacity of 2,700 lb., with fuel for a 5 hours' flight"", ""or a capacity of 4,000 lb. with fuel for 2.5 hours."", ""Wing span of top and centre planes, 81 ft. 8 in."", ""of bottom plane, 78 ft. 3 in."", ""over-all length, 52 ft."", ""maximum height, 20 ft."", ""chord of the wings, 8 ft. 8 in."", ""wing area, 1,905 sq. ft."", ""wing loading, 9.3 lb. per sq. ft."", ""landing speed, 55 miles per hour"", ""weight empty, 11,000 lb."", ""fully loaded, 17,750 lb.""], ""other"": [""Inv. 1920-473"", ""S.M. 1487"", ""L.S.""]}","{""object_names"": [""Bristol Triplane"", ""Aeronautics model""], ""makers"": [], ""organisations/institutions"": [], ""dates"": [], ""places"": [], ""descriptions"": [""representation"", ""model - representation""], ""other"": []}"
26,27,16,5,5,1,1,0,1,1,0,1,0,18,5,1,4,"{""object_names"": [""AEROPLANE FRAMEWORK"", ""Farman Biplane"", ""Wright Biplane"", ""Wright-Clarke Glider"", ""Clarke Surface""], ""makers"": [""T. W. K. Clarke & Co.""], ""organisations/institutions"": [], ""dates"": [""1913"", ""1910"", ""1922""], ""places"": [""Brooklands""], ""descriptions"": [""five full-size examples shown illustrate the construction of the framework of the main planes of some of the principal types of aeroplanes in use in 1910."", ""The framework consisted of two parallel transverse main spars of ash, which passed from one extremity of the plane to the other, and across which were fastened the curved ribs."", ""The front spar was flush with the front or leading edge of the wing, but the ribs overlapped the rear spar by a distance of about 1.8 ft., and thus formed a flexible trailing edge."", ""The special spars of I section were of white poplar."", ""The maximum camber was 3.6 in. at a distance of one-quarter the chord from the front edge."", ""Two parallel transverse spars of spruce were employed, that at the front edge of the wing being rounded off, and here the connection between the spar and the ribs was strengthened by fitting a light metal strap round the spar and fastening it to the ribs."", ""A flexible trailing edge was formed as in the Farman biplane."", ""The ribs at the extremities of the wings were of less camber than those in the centre."", ""The maximum camber was 4 in. at a distance of about 2.5 ft. from the front edge."", ""The construction of the framework is generally similar to that of the Wright biplane."", ""The spars are of spruce and the front spar is rounded off to form a blunt cutting edge."", ""The maximum camber is 3 in."", ""This construction was designed by Mr. T. W. K. Clarke."", ""The main transverse spars are of channel section, built of ash."", ""The spacing of the ribs is 9 in., and the maximum camber is 3 in. at a distance of one-third the chord from the front edge."", ""This construction was copied from an actual standard Bl\u00e9riot monoplane at Brooklands, and represents a later type of surface than is shown on the model of Bl\u00e9riot XI (see No. 10)."", ""It has additional transverse stringer pieces running the whole length of each wing.""], ""other"": [""Inv. 1913-426""]}","{""object_names"": [], ""makers"": [], ""organisations/institutions"": [""Science Museum Group""], ""dates"": [], ""places"": [], ""descriptions"": [""Five sample sections of built up surface framework of:-"", ""(a) Wright Clarke Gilder;"", ""(b) Bleriot Monoplane;"", ""(c) Clarke aeroplane;"", ""(d) Farman Biplane;"", ""(e) Wright Biplane""], ""other"": [""Aeronautics collection of plane sections"", ""collection of plane sections""]}"
27,9,8,1,2,1,1,1,0,2,1,0,1,3,2,1,1,"{""object_names"": [""HOLLOW SPARS""], ""makers"": [""T. W. K. Clarke & Co.""], ""organisations/institutions"": [""Meteorology Catalogue 1922""], ""dates"": [""1913"", ""1914""], ""places"": [], ""descriptions"": [""examples of early forms of hollow spars and struts for aeronautical work"", ""Hollow forms of spars and struts were employed to reduce weight without greatly affecting the strength"", ""built up from two or more portions glued together, so as to produce the most economical section for the purpose desired""], ""other"": [""Inv. 1914-85""]}","{""object_names"": [""Hollow Spar sections, parts of aeroplane wings and struts"", ""hollow spar sections""], ""makers"": [""Thomas Wigston Kinglake Clarke""], ""organisations/institutions"": [], ""dates"": [""1880-1914""], ""places"": [""Kingston upon Thames""], ""descriptions"": [""parts of aeroplane wings and struts"", ""Aeronautics""], ""other"": [""7""]}"
28,9,4,1,2,1,1,0,0,1,0,2,0,3,1,1,0,"{""object_names"": [""SEAPLANE FLOAT""], ""makers"": [""Lieut.-Colonel F. K. McClean, A.F.C.""], ""organisations/institutions"": [], ""dates"": [""1919"", ""August, 1912""], ""places"": [""Isle of Sheppey"", ""Westminster""], ""descriptions"": [""one of the floats from the Short seaplane used by Colonel McClean in his flight up the Thames"", ""The deck has been removed so that the construction may be seen. It consists of a light wooden framework, rigidly braced with piano wire, and the whole covered with thin wood."", ""Used by Colonel McClean in his flight up the Thames""], ""other"": [""Inv. 1919-494"", ""1922""]}","{""object_names"": [""Aeroplane Float"", ""Aeroplane Float, ex Short S.33 Aeronautics float""], ""makers"": [""Short Brothers Limited""], ""organisations/institutions"": [], ""dates"": [], ""places"": [], ""descriptions"": [""float""], ""other"": []}"
29,16,6,2,3,1,0,1,0,1,0,0,0,10,3,1,0,"{""object_names"": [""TRACTOR AIRSCREW""], ""makers"": [""The War Office""], ""organisations/institutions"": [""War Office""], ""dates"": [""1913"", ""1922""], ""places"": [], ""descriptions"": [""SHOWING METHOD OF CONSTRUCTION"", ""Modern airscrews are built up of from four to eight separate laminations of walnut or mahogany, which are glued together stepwise."", ""When set, the whole is pegged, and the sections at various points are worked out in accordance with the drawings, the remainder of the material being shaped in smooth curves to correspond."", ""The four-bladed tractor airscrew shown, illustrates this process."", ""The B.E. 2 type tractor airscrew represented is constructed of five lamin\u00e6 of walnut glued together."", ""One blade is shown in this, the first stage of manufacture."", ""The second blade shows the glued-up block pegged and cut away, being shaped into curves to agree with the sections at various points previously determined from drawings."", ""The third blade illustrates the stage prior to varnishing."", ""The shaping to final section was accomplished by hand, special attention being paid to the leading and trailing edges."", ""The pitch angle and blade section was checked, and the whole sand-papered and covered with a wood-filler."", ""The fourth blade shows the airscrew in its finished state."", ""The wood has been given two or three successive coats of copal varnish, being rubbed down after each coat with powdered pumice and a final coat of varnish applied.""], ""other"": [""Inv. 1913-456""]}","{""object_names"": [""Incomplete four bladed propeller"", ""model of a complete propeller""], ""makers"": [], ""organisations/institutions"": [], ""dates"": [], ""places"": [], ""descriptions"": [""showing construction"", ""for a B.E.2 aeroplane""], ""other"": [""Aircraft Propulsion"", ""propellers"", ""propellers""]}"
30,14,4,1,1,1,0,1,0,2,0,0,0,8,2,1,1,"{""object_names"": [""NORMALE TYPE PROPELLERS""], ""makers"": [""The Dover Aviation Co., Ltd.""], ""organisations/institutions"": [""The Dover Aviation Co., Ltd.""], ""dates"": [""1922"", ""1913""], ""places"": [], ""descriptions"": [""six specimens illustrate the various stages in the manufacture of a type of square-bladed propeller used by the pioneers of flight"", ""The method of construction is similar to that described in the adjacent exhibit of a tractor airscrew of the B.E.2 type"", ""The first specimen (on the left) shows the four separated laminations of walnut arranged stepwise with twelve rivets in position"", ""The second specimen shows the laminations glued together and held tight by the rivets"", ""The third specimen shows the laminations cut away for final shaping, the rivets having been removed"", ""The fourth specimen illustrates the stage prior to sheathing"", ""The wood has been shaped to the correct curvature and planed"", ""The fifth specimen shows the propeller with tips sheathed and ready for varnishing"", ""The sixth specimen shows the complete polished and varnished propeller""], ""other"": [""Inv. 1913-574""]}","{""object_names"": [], ""makers"": [], ""organisations/institutions"": [], ""dates"": [], ""places"": [], ""descriptions"": [""Six (6) specimens showing construction of 'Normale' propellers"", ""Aircraft Propulsion specimen""], ""other"": [""specimen""]}"
31,13,4,1,2,1,0,1,0,1,0,1,0,7,2,1,0,"{""object_names"": [""ARMOURED PROPELLER""], ""makers"": [""The Integral Propeller Co., Ltd.""], ""organisations/institutions"": [""The Integral Propeller Co., Ltd.""], ""dates"": [""1920""], ""places"": [""London""], ""descriptions"": [""fitted with a sheathing of naval brass"", ""render it, to some extent, proof against machine-gun fire and other projectiles"", ""metal covering is designed to deflect projectiles"", ""prevent thereby any penetration and consequent damage to the propeller"", ""metal sheathing has been set flush with the blade and riveted at regular intervals over its whole area"", ""rivets have been applied alternately from face and back, headed and filed to form a smooth surface"", ""whole sheathing was subsequently machined in order to give it the correct shape""], ""other"": [""Inv. 1920-448""]}","{""object_names"": [""Integral Armoured Propeller""], ""makers"": [], ""organisations/institutions"": [], ""dates"": [], ""places"": [], ""descriptions"": [""Aircraft Propulsion"", ""propeller; propeller""], ""other"": []}"
32,10,6,1,2,1,1,1,0,2,0,0,0,4,1,1,2,"{""object_names"": [""WILBUR WRIGHT CONTROL""], ""makers"": [""Lieut.-Colonel F. K. McClean, A.F.C.""], ""organisations/institutions"": [""Meteorology Catalogue""], ""dates"": [""1922"", ""1913""], ""places"": [], ""descriptions"": [""This shows the general arrangement and details of the control mechanism on the early type of Wright biplane."", ""The tail has been shortened and the main planes cut away, a special frame being arranged to demonstrate the warp of the wings."", ""The portions coloured grey are those of the actual biplane."", ""A detailed description of this control is given in the label shown with the model of the 1908 type of Wright biplane (see No. 7).""], ""other"": [""Inv. 1913-659""]}","{""object_names"": [""Rudder, Foreplane, Bundle of struts""], ""makers"": [], ""organisations/institutions"": [], ""dates"": [], ""places"": [], ""descriptions"": [""Aeronautics control; control Wright, Wilbur""], ""other"": [""Wilbur Wright control for aeroplane"", ""control Wright, Wilbur""]}"
33,17,11,1,3,2,1,1,1,3,1,2,1,7,4,1,0,"{""object_names"": [""BL\u00c9RIOT CONTROL""], ""makers"": [""D. S. B. Shannon, Esq.""], ""organisations/institutions"": [""Meteorology Catalogue""], ""dates"": [""1920"", ""26th April, 1912"", ""1908""], ""places"": [""Holyhead"", ""Dublin""], ""descriptions"": [""This is a portion of the Bl\u00e9riot monoplane which first crossed the Irish Channel from Holyhead to Dublin on 26th April, 1912."", ""The control is of the type patented by M. Bl\u00e9riot in 1908."", ""The mechanism consists of a hand lever universally jointed to a bracket, which is supported by a platform on the fuselage."", ""At the lower end of the lever is a bell-shaped fitting, called the \u201ccloche,\u201d to the edge of which four wires are attached at equal intervals."", ""The fore-and-aft wires operate the rear elevator, whilst those at the side operate the wing warping."", ""The latter control wires do not lead directly to the wing tips from the cloche, but are taken to a rocking lever, supported at the apex of an inverted triangular mast attached to the underside of the fuselage."", ""This rocking lever actuates a drum, round which the wires to the wing tips are wound in opposite directions."", ""The vertical hand lever also carries the ignition advance lever and a throttle lever."", ""A pedal operates the rudder""], ""other"": [""Inv. 1920-33""]}","{""object_names"": [""Control mechanism of Bleriot's monoplane"", ""Portion of Fuselage containing control mechanism"", ""Bleriot Monoplane""], ""makers"": [""Bl\u00e9riot, Louis (designer)""], ""organisations/institutions"": [""Science Museum Group Collections Online""], ""dates"": [""circa 1909""], ""places"": [""France""], ""descriptions"": [""Aeronautics aeroplane"", ""aircraft"", ""fuselages"", ""monoplanes""], ""other"": []}"
34,12,8,1,1,1,2,0,0,1,1,0,1,8,2,1,1,"{""object_names"": [], ""makers"": [""C. H. M. A. Alderson, Esq.""], ""organisations/institutions"": [], ""dates"": [""1907""], ""places"": [], ""descriptions"": [""This steam engine was constructed to provide power for propelling the model shown suspended from the ceiling (see No. 1)."", ""It was placed inside the car, at the after end, in a vertical position, and was connected with the propeller on the flying machine by endless cords running over the wooden pulleys shown."", ""The engine is direct-acting, and has a single cylinder 1\u00b75 in. diameter, by 3 in. stroke."", ""On the crank-shaft is fixed the grooved pulley for driving the propellers."", ""The framework consists of an angle-iron structure containing the bearings for the crank-shaft and supporting the cylinder."", ""The boiler consisted of 50 inverted truncated cones arranged around and above the furnace, and connected with a steam drum; they presented 100 sq. ft. of heating surface."", ""The air-cooled tubular condenser gave a vacuum of from 5 to 8 lb."", ""The speed of this model engine was to be 300 revolutions per minute, and the actual engine was intended to develop 25 to 30 h.p.""], ""other"": [""Inv. 1907-28""]}","{""object_names"": [], ""makers"": [""William Samuel Henson"", ""John Frederick Stringfellow""], ""organisations/institutions"": [], ""dates"": [""1840-1842""], ""places"": [""England""], ""descriptions"": [""with engine stand"", ""Aircraft Propulsion engines; engines""], ""other"": [""with engine stand incorporating steam supply pipes""]}"
35,19,11,2,3,1,1,1,1,1,1,0,2,12,2,2,1,"{""object_names"": [""ENGINES AND PROPELLER FOR FLYING MACHINE"", ""compound engines""], ""makers"": [], ""organisations/institutions"": [""Meteorology Catalogue""], ""dates"": [""1922""], ""places"": [], ""descriptions"": [""Plate V, No. I"", ""One of the compound engines and the two-bladed propeller which it drove on Sir Hiram Maxim\u2019s flying machine are shown."", ""The engine weighs only 300 lb. and exerts 180 h.p., or over \u00b75 h.p. for every pound of weight."", ""The high-pressure cylinder is 5\u00b705 in., and the low-pressure 8 in. diameter, with a stroke of 12 in."", ""Steam is distributed by piston valves with a travel of 3 in."", ""the high-pressure cut-off is at \u00b775 of the stroke, and the low pressure at \u00b7625."", ""The speed of the engines is 375 revolutions per minute."", ""The boiler pressure is 300 lb. per sq. in."", ""The propeller is 17\u00b783 ft. diameter, of the two-bladed type, 16 ft. pitch, and 5\u00b716 ft. wide"", ""the two engines and propellers have driven the machine along at the speed of 40 miles per hour"", ""obtained a horizontal thrust of 2,000 lb. from the air passing them."", ""L.S.""], ""other"": [""Inv. 1896-98"", ""S.M. 1385""]}","{""object_names"": [""Model of Maxim Flying machine"", ""Full size steam engine for flying machine"", ""Full size screw propeller for flying machine""], ""makers"": [], ""organisations/institutions"": [""Science Museum Group Collections Online""], ""dates"": [""1892""], ""places"": [""Baldwyns Park, Bexley, England, United Kingdom"", ""Kent, England, United Kingdom""], ""descriptions"": [""Aeronautics model"", ""model""], ""other"": []}"
36,25,9,1,1,1,1,1,1,5,1,0,0,16,3,1,2,"{""object_names"": [], ""makers"": [], ""organisations/institutions"": [], ""dates"": [""1922"", ""1904\u20135"", ""1911""], ""places"": [], ""descriptions"": [""four-cycle vertical cylinder engine"", ""embodying the patents taken out by Mr. G. Green and others"", ""especially designed for use on flying machines"", ""entered for the Alexander Motor Prize Competition"", ""awarded the prize of \u00a31,000 offered by Mr. P. Y. Alexander"", ""four cylinders, 140 mm. (5\u00b75 in.) diameter by 146 mm. (5\u00b785 in.) stroke"", ""valve chambers, are separate steel castings"", ""held to a closed aluminium crank chamber by lugs on the lower flanges of the cylinders"", ""Copper water jackets are employed"", ""special joint at their lower ends are free to expand and contract"", ""grooved flange formed on the cylinder contains a rubber ring, over which the jacket is forced by being slightly bell-mouthed"", ""joint thus made is perfectly watertight, while allowing free movement of the jacket"", ""crank chamber is an aluminium casting, webbed on the inside to provide bearings for the crank-shaft"", ""separate lower portion attached to the casting by aluminium straps; this lower portion forms an oil sump"", ""hollow crank-shaft"", ""pair of gear wheels that drive the magneto and cam-shaft spindles"", ""enclosed by the end plate of the crank chamber"", ""bracket supporting the magneto and water pump"", ""cam-shaft, which is arranged above the cylinders"", ""driven from the crank-shaft by a vertical spindle at its end"", ""pair of bevel wheels at the top of the spindle and the gear wheels at the bottom forming the connecting links"", ""Completely enclosing the cam-shaft is an aluminium case"", ""providing bearings for its support"", ""case being itself supported by four brackets above the cylinders"", ""inlet and exhaust valves are of the mushroom type"", ""mounted in cylindrical cages"", ""held down by aluminium nuts, which form domes over the valve springs"", ""valves are operated from the cam-shaft by rocking levers pivoted on extensions of the cam-shaft casing"", ""Auxiliary exhaust ports are provided in the cylinder walls just below the water jackets""], ""other"": [""Inv. 1913-427""]}","{""object_names"": [], ""makers"": [], ""organisations/institutions"": [], ""dates"": [], ""places"": [], ""descriptions"": [""60 H.P."", ""Pictorial Collection Aircraft Propulsion engines""], ""other"": [""(1)"", ""(2) framed Diploma. Item (2) now 1988-749""]}"
37,7,8,1,1,0,1,1,0,1,1,0,0,1,2,3,2,"{""object_names"": [], ""makers"": [], ""organisations/institutions"": [""The Air Ministry""], ""dates"": [], ""places"": [], ""descriptions"": [], ""other"": [""Plate V, No. 2"", ""Inv. 1919-427"", ""S.M. 1381""]}","{""object_names"": [], ""makers"": [""Green""], ""organisations/institutions"": [], ""dates"": [], ""places"": [], ""descriptions"": [""with one \""Z + 6\"" Bosch Magneto"", ""4 pipes connecting rod and scraper ring""], ""other"": [""Aircraft Propulsion engines"", ""engines Green (maker)""]}"
38,14,12,1,1,1,0,2,0,1,1,0,1,7,5,2,4,"{""object_names"": [], ""makers"": [""The Disposal Board, Ministry of Munitions""], ""organisations/institutions"": [""R.A.F.""], ""dates"": [], ""places"": [], ""descriptions"": [""built in large numbers"", ""used successfully in the early part of the war"", ""smaller type"", ""two sets of cylinders being arranged at an angle of 60 degrees"", ""Two B. and B. type carburetters are fitted"", ""ignition is effected by two six-cylinder B.T.H. magnetos attached to brackets on the propeller end of the engine"", ""normal b.h.p., 160"", ""normal speed of rotation, 1,800 revolutions per minute"", ""order of firing, 1, 7, 4, 10, 2, 8, 6, 12, 3, 9, 5, 11"", ""A 2 to 1 reduction gear is fitted""], ""other"": [""Inv. 1920-38""]}","{""object_names"": [""140 H.P. R.A.F. engine no. 944 W.D. No. 4811""], ""makers"": [], ""organisations/institutions"": [""Aircraft Propulsion engines""], ""dates"": [], ""places"": [""England""], ""descriptions"": [""with exhaust manifold"", ""two exhaust pipes"", ""carburettor"", ""cowling"", ""sectioned throttle valve, attached to cast steel fuel pipe""], ""other"": [""no. 944"", ""W.D. No. 4811"", ""unsigned"", ""engines""]}"
39,8,6,1,1,1,0,1,1,1,0,0,0,3,2,1,2,"{""object_names"": [""SUNBEAM \u201cNUBIAN II.\u201d AERO ENGINE.""], ""makers"": [""Disposal Board, Ministry of Munitions""], ""organisations/institutions"": [""Ministry of Munitions""], ""dates"": [""1920""], ""places"": [], ""descriptions"": [""The \u201cNubian\u201d is an earlier type of the \u201cCossack\u201d aero engine (see No. 46), but has eight cylinders only, the two blocks being set at 90 degrees."", ""Details of construction and design are almost identical with those of the \u201cCossack\u201d engine."", ""b.h.p., 164; normal speed of rotation, 2,100 revolutions per minute; reduction gear ratio, 1.625 : 1; rotational speed of propeller, 1,290 revolutions per minute.""], ""other"": [""1922 Entry"", ""Inv. 1920-36""]}","{""object_names"": [""Sunbeam 'Nubian' aero engine""], ""makers"": [], ""organisations/institutions"": [""War Department""], ""dates"": [], ""places"": [], ""descriptions"": [""Aircraft Propulsion aero engine"", ""aero engine Sunbeam""], ""other"": [""No. 8012"", ""No. 42074"", ""155 hp""]}"
40,33,6,1,2,2,1,3,0,3,0,1,0,20,1,3,2,"{""object_names"": [""B.R.I. AERO ENGINE""], ""makers"": [""Captain W. O. Bentley, M.B.E."", ""Messrs. Humber, Ltd.""], ""organisations/institutions"": [""The Disposal Board, Ministry of Munitions"", ""B.R.I.""], ""dates"": [""1920"", ""1914\u20131918"", ""1922""], ""places"": [""Coventry""], ""descriptions"": [""Bentley Rotary engine"", ""nine-cylinder rotary air-cooled engine"", ""cylinders of which are of aluminium shrunk on to cast-iron liners"", ""arranged radially round a fixed crank-shaft"", ""Each cylinder is provided at its lower end with five shallow stiffening ribs"", ""above which is a series of deep radiating fins"", ""The combustion heads, which are of machined steel, are made in one piece with the induction pockets"", ""into which steel inlet valve guides are pressed"", ""while the exhaust valve cages, into which cast-iron valve guides are pressed, are also in one piece with the heads"", ""The cylinders and combustion heads are attached to the crank-case by four long bolts located at the corners of each cylinder"", ""the cooling fins being cut away to allow clearance"", ""The pistons are of aluminium alloy"", ""have slightly concave heads"", ""are provided with five very shallow cast-iron rings set in grooves near the top of the piston"", ""Holes are drilled in the piston skirt to allow the oil from inside the piston to escape on to the cylinder walls"", ""The connecting-rods are of tubular section steel"", ""with the exception of the master-rod, are bushed with phosphor bronze at both ends"", ""The master rod is bushed with phosphor bronze at the piston end only"", ""its large end riding on two ball-bearings mounted on the crank-pin"", ""Inlet and exhaust valves are both operated by overhead rocker arms and tappets"", ""each of which is connected to a push rod by a ball joint"", ""The cam gear comprises two internally toothed rings known as \u201cgear rings,\u201d within which are the corresponding externally toothed gears"", ""These gears have 16 teeth as against 18 of the \u201cgear rings,\u201d and the gears are thus driven at nine-eighths of engine speed, and overtake the gear rings once in eight revolutions"", ""Each gear has four cams, so that in eight revolutions each tappet is lifted four times, i.e., once in every two revolutions"", ""Forced lubrication is fitted"", ""oil from the pump is led to an orifice in the crank-shaft, through which it is conducted by a copper pipe to a duct in the base of the rear web of the hollow crank-pin"", ""A bye-pass at the foot of the rear crank-pin supplies oil to the thrust box"", ""The bulk of the oil forced along the pipe inside the crank-shaft travels up the duct in the rear web to the crank-pin, where the stream diverges again into supplies for the connecting-rod assembly, the pistons and the cylinders on the one hand, and for the cam gear-box on the other hand"", ""The Bl\u0153ctube carburetter is screwed on the extreme rear end of the hollow crank-shaft, through which the explosive mixture passes to the orifice at the foot of the rear web of the crank, whence it passes into the main crank-case"", ""It is then sucked through a ring of holes into the gas chamber, which rotates with the thrust box and through the induction pipes, into the cylinders"", ""Ignition is provided by two M.L. magnetos of the revolving armature type, giving two sparks per revolution"", ""Normal b.h.p., 150"", ""weight (dry), 408 lb."", ""normal revolutions per minute, 1,250"", ""bore, 120 mm."", ""stroke, 170 mm."", ""petrol consumption, 13 gallons per hour"", ""oil consumption, 1.5 gallons per hour"", ""order of firing, 1, 3, 5, 7, 9, 2, 4, 6, 8"", ""Inlet valve opens 5 degrees before top dead centre and closes 58 degrees after bottom dead centre; exhaust valve opens 72 degrees before bottom dead centre and closes 7 degrees after top dead centre"", ""Ignition occurs at 22.5 degrees before top dead centre""], ""other"": [""Inv. 1920-44""]}","{""object_names"": [""150 H.P. BR1 engine""], ""makers"": [""B.R.""], ""organisations/institutions"": [], ""dates"": [], ""places"": [], ""descriptions"": [""Aircraft Propulsion engines; engines""], ""other"": [""No. 433"", ""W.D. No. 36903""]}"
41,36,13,1,1,1,3,2,1,1,1,1,1,28,3,2,3,"{""object_names"": [""200 H.P. B.H.P. AERO ENGINE""], ""makers"": [""Siddeley Deasy Motor Co., Ltd.""], ""organisations/institutions"": [""The Disposal Board"", ""Ministry of Munitions""], ""dates"": [""1920""], ""places"": [""Coventry""], ""descriptions"": [""water-cooled engine of the vertical type comprises six cylinders, cast in two blocks of three"", ""Each casting forms the cylinder heads, water jackets, valve passages and inlet manifold of three cylinders, into which steel liners are fitted forming the working barrels"", ""Near the level of the combustion chamber the jackets are divided horizontally into two portions, which are bolted together"", ""Leakage is prevented at the base of the aluminium jacket by means of a rubber ring, pressed against a shoulder of the steel liner by a castellated ring-nut screwed into the jacket"", ""The cylinder heads are flat, and each carries a large nickel-steel inlet valve and two smaller tungsten-steel exhaust valves, all operated by a single hollow cam-shaft, the exhaust valves being operated directly and the inlet valves through the agency of a small rocking lever"", ""The pistons are die cast from an aluminium alloy, and each carries three cast-iron rings near the head, and a scraper ring in the skirt"", ""High-tensile steel connecting-rods, machined to H section, connect with the six-cylinder seven-bearing type crank-shaft, the cranks of which are spaced 120 degrees apart"", ""The crank-case is in two portions, the upper portion, which is stiffened by cross webs, is formed integral with the housings of the crank-shaft bearings, and carries the eight supporting feet of the engine, in addition to the main lubrication filter and two breathers"", ""The lower half acts as an oil sump and a cover for the moving parts, and is furnished with sharply inclined gutters, which ensure that the filter remains constantly submerged in oil"", ""Lubrication is by means of two pumps, driven by a vertical shaft, which operates the whole of the accessories"", ""The upper pump draws oil from an external tank, and forces it by way of a filter into a manifold, which, by means of branch pipes, supplies oil to the journal bearings, the thrust housing, the vertical shaft, and the skew gearing operating the magnetos"", ""Oil fed to the main crank-shaft bearings passes into the hollow journals, and by way of holes drilled in the crank-webs, to the crank pins, whence it is flung on to the cylinder walls and the little ends of the connecting-rods"", ""From the front end of the manifold a small pipe conveys oil through the hollow cam-shaft to the cam-shaft bearings, when it is flung on to the cams, rocking levers, and valve heads"", ""Oil which collects in the base of the chamber is drawn out by the second pump and delivered back to the oil tank"", ""Two independent sparking plugs are fitted in each cylinder, one set being connected to a Fellows E.M. 6 type magneto, the second set being served by a small six-volt battery, through a Remy combined contact breaker and distributer mounted at the rear end of the cam-shaft housing, and a coil carried on other magneto platform"", ""Two Zenith carburetters are fitted"", ""Normal b.h.p., 246"", ""maximum b.h.p., 255"", ""bore, 145 mm."", ""stroke, 190 mm."", ""normal revolutions per minute, 1,400"", ""weight (without cooling water), 625 lb."", ""oil consumption, 1\u00b78 gallons per hour"", ""petrol consumption, 17 gallons per hour"", ""order of firing, 1, 5, 3, 6, 2, 4"", ""valve timing, inlet valve opens 7 degrees after top dead centre and closes 43 degrees after bottom dead centre"", ""exhaust valve opens 58 degrees before bottom dead centre and closes 12 degrees after top dead centre"", ""ignition occurs at maximum advance, 37\u00bd degrees before top dead centre""], ""other"": [""Inv. 1920-48""]}","{""object_names"": [""200 H.P. bhp Aero Engine No. 5611""], ""makers"": [""Beardmore-Halford-Pullinger"", ""Armstrong-Siddeley""], ""organisations/institutions"": [], ""dates"": [""1917""], ""places"": [], ""descriptions"": [""known as the Puma engine"", ""Aircraft Propulsion engines; engines""], ""other"": [""No. 5611"", ""W.D. No. 23285""]}"
42,26,9,2,3,1,1,2,1,3,1,0,1,16,2,2,0,"{""object_names"": [""ROLLS-ROYCE \""EAGLE 8\"" AERO ENGINE""], ""makers"": [""Messrs. Rolls-Royce, Ltd.""], ""organisations/institutions"": [""Watford"", ""Vickers-Vimy""], ""dates"": [""1922"", ""14th to 15th June, 1919""], ""places"": [], ""descriptions"": [""port engine of the Vickers-Vimy Rolls-Royce aeroplane"", ""first direct trans-Atlantic flight"", ""starboard engine remains installed in the aeroplane"", ""12-cylinder V-type, water-cooled, left-hand tractor engine"", ""two sets of cylinders are arranged at an angle of 60 degrees"", ""cylinders are of special wrought steel construction"", ""pistons, which are specially designed for high compression, are each fitted with four piston rings"", ""oil scraper at the bottom of each piston"", ""pistons of opposite cylinders are operated by master and articulated connecting-rods respectively and work on a six-throw crank-shaft"", ""Explosive mixture is supplied to the cylinders by four Rolls-Royce Claudel-Hobson carburetters, fitted with a high-altitude control"", ""ignition is effected by four six-cylinder Watford magnetos, each cylinder being provided with two ignition plugs"", ""four-bladed tractor airscrew is driven through an epicylic reduction gear of \u00b76 to 1"", ""Bore, 4\u00b75 in."", ""stroke, 6\u00b75 in."", ""normal b.h.p., 360"", ""weight of engine, 900 lb."", ""normal speed, 1,800 revolutions per minute"", ""normal airscrew speed, 1,080 revolutions per minute"", ""diameter of airscrew, 10 ft. 3 in."", ""Ignition occurs at 13 degrees to 15 degrees before top dead centre when fully retarded, and 33 degrees to 35 degrees before top dead centre when fully advanced"", ""order of firing of this engine is 1a, 6b, 4a, 3b, 2a, 5b, 6a, 1b, 3a, 4b, 5a, 2b"", ""time is as follows: Inlet valve opens 10 degrees after top dead centre and closes 54 degrees after bottom dead centre; exhaust valve opens 58 degrees before bottom dead centre and closes 10 degrees after top dead centre""], ""other"": [""Inv. 1919-476"", ""1919""]}","{""object_names"": [""Alcock and Brown's Vickers Vimy Biplane"", ""Vickers Vimy/Rolls-Royce Biplane"", ""propellers""], ""makers"": [""Vickers Limited""], ""organisations/institutions"": [], ""dates"": [""1919""], ""places"": [""Weybridge""], ""descriptions"": [""complete with two Rolls-Royce engines"", ""three detachable wheel shields""], ""other"": [""Aeronautics aircraft; aircraft""]}"
43,18,7,1,1,0,1,1,0,1,1,0,1,14,1,1,2,"{""object_names"": [], ""makers"": [], ""organisations/institutions"": [""The War Office""], ""dates"": [], ""places"": [], ""descriptions"": [""fitted to the first British military airship, \u201cNulli Secundus,\u201d"", ""V-type, with eight cylinders arranged in planes at right angles to one another, four on each side of the crank-shaft"", ""cylinders are steel forgings"", ""mounted on an aluminium crank-chamber"", ""held by loose yokes at their flanges"", ""cylinder heads contain the inlet and exhaust valves"", ""inlet valves are atmospheric"", ""exhaust valves are mechanically operated"", ""No carburetter is employed"", ""petrol being supplied direct to the inlet valves by means of a pump"", ""Brass water jackets are shown on the example, but electrolytically deposited copper is now usually employed"", ""Very little water is carried, the water being converted into steam, which is then condensed by a tubular condenser, not shown with the engine exhibited"", ""Splash lubrication is employed"", ""oil pump, water pump, and variable-throw fuel pump being all driven by belts direct from the crank-shaft"", ""Ignition is performed by means of an accumulator in conjunction with a distributer mounted on the crank-chamber and driven by the cam-shaft"", ""cam-shaft is driven by exposed gearing"", ""On the dirigible balloon \""Nulli Secundus\"" two two-bladed propellers, 10 ft. diameter, were employed, and were driven by long belts running over wire-spoked pulley wheels"", ""balloon was made of gold-beaters' skin"", ""balloon had a length of 100 ft., a diameter of 30 ft., and a capacity of 60,000 cu. ft"", ""Hydrogen was employed as the lifting agent""], ""other"": [""Inv. 1913-453""]}","{""object_names"": [], ""makers"": [""Leon Levavasseur""], ""organisations/institutions"": [], ""dates"": [], ""places"": [""France""], ""descriptions"": [""with copper pipe"", ""Aircraft Propulsion engines; engines""], ""other"": [""1907"", ""1907""]}"
44,23,10,1,1,1,1,1,0,2,1,1,0,15,5,3,2,"{""object_names"": [], ""makers"": [""Major J. D. B. Fulton""], ""organisations/institutions"": [""Meteorology Catalogue""], ""dates"": [""1914"", ""1922""], ""places"": [""cross-Channel""], ""descriptions"": [""air-cooled three-cylinder semi-radial petrol engine"", ""type used by M. L. Bl\u00e9riot in 1909 in his cross-Channel flight"", ""simple design"", ""one of the smallest engines yet fitted to an aeroplane"", ""cylinders, each with its head and valve chamber, are separate castings"", ""ribbed circumferentially in order to provide a large cooling surface"", ""attached to an aluminium crank-chamber, which is cast in halves"", ""portions being held together by long through bolts"", ""angle between adjacent cylinders is 60 degrees"", ""order of ignition is 1, 3, 2, taking No. 2 cylinder as the vertical central one"", ""Atmospheric induction valves, situated above the exhaust valves"", ""exhaust valves are operated by separate cam-shafts"", ""Auxiliary exhaust ports are provided in the cylinder walls, which are uncovered by the pistons at the ends of their strokes"", ""connecting-rods are coupled to the common crank-pin, two of the big ends being forked to allow of this"", ""balanced flywheel is provided to compensate for the reversal of the vertical cylinder"", ""carburetter is of the float feed type"", ""provided with a conical choke tube, through which air enters at its lower end"", ""possible to remove the jet through the inclined tube by withdrawing a plug situated in the throat of the choke tube"", ""Additional air supply is provided for by a number of holes drilled round the base of an annulus in the mixing chamber"", ""holes are covered normally by balls held in position by a cover plate, and as the suction increases the balls rise from their seats"", ""Petrol is fed by gravity from a cylindrical tank, the rear end of which contains lubricating oil"", ""Diameter of cylinder, 105 mm. (4\u00b713 in.) ; stroke, 130 mm. (5\u00b71 in.)"", ""weight, with accessories, 65 kilo. (143 lb.)"", ""shaft h.p. is 25 when running at 1,600 revolutions per minute"", ""fitted to the cross-Channel monoplane"", ""engine runs in a left-handed direction when looking towards the propeller from the front of the machine"", ""propeller then employed was of the Chauvi\u00e8re laminated type, in walnut, 6\u00b766 ft. diameter""], ""other"": [""Plate VI., No. 1"", ""(4732) S.M. 541"", ""L.S. Inv. 1914-183""]}","{""object_names"": [], ""makers"": [""Gorla Anzani, Alessandro""], ""organisations/institutions"": [], ""dates"": [""c 1911""], ""places"": [], ""descriptions"": [""Three-cylinder Anzani aeroplane engine."", ""Three stay rods BOS March 1930 and scrapped"", ""Aircraft Propulsion aeroplanes; aircraft; engines; aeroplanes; aircraft; engines""], ""other"": [""1908""]}"
45,32,18,1,1,1,2,2,1,1,1,1,1,22,10,4,2,"{""object_names"": [], ""makers"": [""Lieut.-Colonel F. K. McClean, A.F.C.""], ""organisations/institutions"": [""Birdling""], ""dates"": [], ""places"": [], ""descriptions"": [""Plate VI., No. 2"", ""The \""Gnome\"" motor is of French design, and has materially assisted towards solving the problem of obtaining a reliable aeroplane engine which is capable of developing sufficient horse-power without excessive weight."", ""In this type of motor the crank-shaft is stationary, and the cylinders and crank-chamber revolve round it."", ""The example shown, which has been removed from the \""Birdling\"" monoplane (see No. 17), has nickel-steel cylinders 4.3 in. diameter by 4.7 in. stroke, machined with their air-cooling ribs out of the solid."", ""The crank-chamber is also of steel, and the seven cylinders are held in position by split-steel rings, which are sprung into grooves turned in the cylinders, so that the cylinders cannot be withdrawn without removing the rings."", ""Taper-pins of special section, which pass through the rim of the crank-chamber, securely lock these rings in position."", ""Piston-rings of L-section brass are employed, similar in shape to the cup-leather of an hydraulic piston."", ""The end plate, on which the propeller is fixed when used, as in the example, as a tractor screw, carries on the inside the cams and gear-wheels which operate the exhaust valve rods."", ""Ball-bearings are used to support the engine as a whole upon the stationary crank-shaft, and a thrust block is provided at the rear end of the engine."", ""The connecting-rods all operate on a single crank-pin."", ""The big end of one of them, embracing the crank and mounted on ball-bearings, is formed into a cage, the outer rings of which carry the plain bearings for the remaining six connecting-rods."", ""The carburetter, which is stationary, is of the single-jet type, and feeds the engine through the hollow crank-shaft, petrol flowing thence into the crank-chamber, from which each cylinder obtains its mixture by means of an automatic inlet valve of the mushroom type situated in the piston-head."", ""The valve seating also acts as a means of connection between the piston and the connecting-rod."", ""The exhaust valves are situated in the cylinder heads, and are operated by twin balanced rocking levers actuated by long push rods connected with the cams contained in the end plate of the crank-chamber."", ""The cams consist of seven flat steel collars with a common boss keyed on to a spindle and operated by an epicyclic train of wheels, the fixed wheel being on the end of the stationary crank-shaft."", ""Both the inlet and the exhaust valves are balanced against centrifugal force by means of counterweights."", ""An odd number of cylinders is necessary in order that the firing of the mixture in each cylinder may be carried out at equal angular intervals, and thus give an even torque, e.g., if the mixture in cylinder No. 1 was fired first, the order of firing would be 1, 3, 5, 7, 2, 4, 6, and repeat."", ""Ignition is effected by a Bosch high-tension magneto, mounted on a stationary bracket in an inverted position and driven by gearing."", ""The distribution of the electric current to the sparking-plugs is effected by a revolving commutator plate and a stationary brush."", ""Firing of the charge occurs just before the cylinder concerned reaches its highest position, the piston then being at the top of its stroke."", ""Bare brass wires are employed as connections between the sparking-plugs and the commutator."", ""Lubrication is provided for by a reciprocating pump driven in a similar manner to the magneto, and mounted on the same plate."", ""Castor oil only is used, and is injected into the hollow crank-shaft through sight-feed fittings, and from thence to each cylinder."", ""When running at the normal speed of 1,200 revolutions per minute, the engine develops 50 b.h.p."", ""The ratio of engine weight to horse-power is about 3 : 1.""], ""other"": [""1913"", ""Inv. 1913-446"", ""S.M. 1419"", ""L.S.""]}","{""object_names"": [], ""makers"": [""Louis Seguin and Laurent Seguin"", ""La Soci\u00e9t\u00e9 des Moteurs Gnome""], ""organisations/institutions"": [], ""dates"": [""1908""], ""places"": [""France""], ""descriptions"": [""with 25-parts"", ""with mechanically driven fuel pump"", ""fuel throttle valve in gun-metal elbow"", ""steel \u2018sleeve\u2019 with same internal diameter as fuel throttle valve"", ""prop-shaft securing key, tapered along its length"", ""pipe, 6 mm diameter, for fuel, angled, fitted with pipe-connector and reducer"", ""fourteen of 10 x 60 mm hex bolts with washers and nuts"", ""six of 8 x 56 mm hex bolts with washers and nuts: all parts designed by brothers Louis Seguin and Laurent Seguin, and made by La Soci\u00e9t\u00e9 des Moteurs Gnome, France, 1908."", ""Aircraft Propulsion engines"", ""engines""], ""other"": [""50 HP"", ""7-cylinder""]}"
46,28,11,1,1,1,1,3,2,1,1,1,1,19,3,2,2,"{""object_names"": [], ""makers"": [""Renault Fr\u00e8res""], ""organisations/institutions"": [""The Disposal Board, Ministry of Munitions"", ""Claudel-Hobson"", ""B.T.H.""], ""dates"": [], ""places"": [], ""descriptions"": [""80 H.P. RENAULT AERO ENGINE"", ""produced in large numbers by several makers in this country"", ""may be used either on a tractor or propeller machine"", ""eight-cylinder V-type air-cooled engine"", ""two sets of cylinders arranged at an angle of 90 degrees with each other"", ""cylinders being set directly opposite one another"", ""cylinders and cylinder heads are separate"", ""both being of cast iron, with air-cooling fins cast on each"", ""secured to the crank-case by means of a clamp, which is held by long studs projecting up from the crank-case"", ""An inlet valve is provided at the side of each cylinder, and works in a valve cage, which also forms the elbow for the inlet pipe, being operated directly by a tappet from the cam-shaft"", ""The exhaust valve works in the cylinder head, and is operated by an overhead rocking lever and push rod"", ""The steel pistons are each fitted with three cast-iron piston rings and a hardened steel gudgeon-pin"", ""Opposite cylinders being in line, the pressure from the pistons of both is taken on one big end, one piston being fitted with the main rod and the other with an auxiliary rod, which transmits its pressure by the lower end working on a hardened steel pin attached to the main big end"", ""The four-throw crank-shaft is carried in five bearings, the centre and two intermediate ones being gun-metal lined with white metal, and the outer ones ball bearings"", ""The crank-case is of aluminium, and is divided into two portions horizontally along the centre line of the crank-shaft, the upper portion containing the bearings, cam-shaft, and gears, and the lower portion forming an oil base and carrying the oil pump, strainer, and oil-pressure release valve"", ""A breather is fitted on the top of the crank-case between the cylinders"", ""fitted with a Claudel-Hobson carburetter of the R.A.F. type"", ""fitted with an eight-cylinder B.T.H. A.8-type magneto"", ""The cam-shaft and propeller-shaft are made on the divided principle, and are driven from the crank-shaft through a reduction gear of 2 to 1"", ""The order of firing is 1, 5, 3, 7, 4, 8, 2, 6. (These numbers are painted on the cylinders for reference.)"", ""Bore, 105 mm."", ""stroke, 130 mm."", ""normal speed in the air, 1,800 revolutions per minute"", ""normal propeller speed, 900 revolutions per minute"", ""nominal h.p., 80"", ""approximate weight, without fan or cowl, 480 lb."", ""capacity of oil base, 3 gallons"", ""petrol consumption, 75 pints per hour or 0\u00b772 pints per b.h.p. hour"", ""oil consumption, 7\u00b75 pints per hour"", ""indicated h.p., 105"", ""inlet valve opens at 5 degrees or 0\u00b75 mm. after top dead centre, closes at 53 degrees or 20\u00b75 mm. after bottom dead centre"", ""exhaust valve opens at 59 degrees or 25.5 mm. before bottom dead centre, closes at 18 degrees or 4.5 mm. after top dead centre"", ""ignition occurs 34 degrees or 13.5 mm. before top dead centre""], ""other"": [""Inv. 1920-46""]}","{""object_names"": [], ""makers"": [""Renault SA""], ""organisations/institutions"": [""Aircraft Propulsion""], ""dates"": [""c 1916""], ""places"": [""France""], ""descriptions"": [""engine"", ""aeroplanes"", ""aircraft""], ""other"": [""Renault 80 hp engine"", ""No. 1709"", ""W.D. No. 12864"", ""Spares disposed 3/3/30""]}"
47,26,9,1,1,1,1,3,0,2,1,0,0,18,5,1,1,"{""object_names"": [""100 H.P. ANZANI AERO ENGINE""], ""makers"": [""British Anzani Engine Co., Ltd.""], ""organisations/institutions"": [""The Disposal Board, Ministry of Munitions"", ""Watford type"", ""Zenith carburetter""], ""dates"": [""1920""], ""places"": [], ""descriptions"": [""radial air-cooled engine of double-star formation"", ""development of the early three-cylinder type"", ""two groups each of five cylinders"", ""each group forming a five-branch star in a plane perpendicular to the engine axis"", ""axes of the cylinders of the two groups are arranged alternately"", ""whole engine from the front has the appearance of a regular star with ten points"", ""cylinders, which are of cast iron, have ribs of special section"", ""secured by means of small columns passing through lugs cast solid with the cylinder"", ""cast-iron pistons are machined internally and externally to reduce weight"", ""each fitted with two patent conically-seated piston rings"", ""nickel steel connecting-rods of H section drive on to a hollow nickel chrome steel two-throw crank-shaft running in two ball-bearing journals"", ""Two nickel steel valves are fitted in each cylinder head"", ""exhaust valve being operated by a rocking lever"", ""inlet valve is automatic"", ""shell-pattern aluminium crank-case is made in two halves, strongly ribbed internally and externally, and bolted together with long through bolts"", ""Forced lubrication is fitted"", ""oil is pumped under pressure to the crank-shaft bearings, and thence to the big ends of the connecting-rods, through holes drilled in the webs and pins"", ""oil being here atomatised by centrifugal force, fills the crank-case with a mist of oil, which thoroughly lubricates the pistons, gudgeon-pins, and all moving parts"", ""oil pump is enclosed in a watertight compartment cast solid with the valve-gear cover"", ""explosive mixture is supplied to the cylinders through radial pipes lodged in a groove formed in the ribs"", ""radial pipes entering the crank-case and drawing gas from a supply chamber, at the lower end of which the gases enter from a Zenith carburetter"", ""Dual ignition is fitted, and is effected by means of two high-tension magnetos of the Watford type"", ""Weight, 363 lb."", ""power developed, 100 h.p."", ""bore, 105 mm."", ""stroke, 145 mm."", ""angle between cylinders, 36 degrees"", ""normal rotational speed, 1,250 revolutions per minute"", ""petrol consumption, 7 gallons per hour"", ""oil consumption, 2 gallons per hour"", ""cylinders fire successively in the following order, in a direction opposite to that in which the shaft rotates, 1, 8, 5, 2, 9, 6, 3, 10, 7, 4"", ""Exhaust valve opens 45 mm. before bottom dead centre and closes 3 mm. after top dead centre"", ""Ignition occurs 6 to 10 mm. before top dead centre""], ""other"": [""Inv. 1920-45""]}","{""object_names"": [""100 H.P. Anzani engine No. 2845""], ""makers"": [""Anzani Engine Company Ltd.""], ""organisations/institutions"": [], ""dates"": [""1914""], ""places"": [], ""descriptions"": [""Aircraft Propulsion"", ""aircraft engines"", ""cylinder engines"", ""radial engines""], ""other"": [""No. 2845""]}"
48,27,16,1,4,1,2,2,1,1,1,1,1,19,5,2,2,"{""object_names"": [""80 H.P. CLERGET AERO ENGINE. (Type 7Z.)""], ""makers"": [""Clerget, Blin et Cie.""], ""organisations/institutions"": [""The Disposal Board, Ministry of Munitions""], ""dates"": [""1920""], ""places"": [""France""], ""descriptions"": [""rotary type"", ""seven steel cylinders provided with fins for air cooling"", ""inlet and exhaust valves situated in the cylinder head"", ""mechanically operated independently by push rods and rockers actuated by two eccentrics, which are keyed to the extension shaft"", ""Each piston provided with three cast-iron cut rings, in addition to double obturator rings of special silver alloy"", ""drives an independent hollow steel connecting-rod"", ""main rod is continuous with the banjo at the crank end, and holds all the pistons in their correct relative positions"", ""hollow steel crank-shaft, which is coned and keyed for attachment to the central support"", ""always fixed with the crank-pin on the top centre"", ""held in position by a locked sleeve nut"", ""oil pump ensures efficient lubrication"", ""M.L. type magneto is fitted"", ""Mixture supplied to the cylinders through radial external induction pipes from a simple form of carburetter"", ""carburetter is screwed on the end of the crank-shaft"", ""air being regulated by a butterfly valve controlled by a lever"", ""petrol jet is not adjustable"", ""airscrew is driven directly from the crank-shaft"", ""Weight, 234 lb."", ""speed, 1,200 revolutions per minute"", ""normal b.h.p., 80"", ""bore, 120 mm."", ""stroke, 150 mm."", ""number of cylinders, 7"", ""order of firing, 1, 3, 5, 7, 2, 4, 6"", ""inlet valve opens at top dead centre, closes 56 degrees after bottom dead centre"", ""exhaust valve opens 68 degrees before bottom dead centre, closes at top dead centre"", ""ignition occurs 22 degrees before top dead centre"", ""fuel consumption, 7 gallons of petrol per hour"", ""1.5 gallons of oil per hour""], ""other"": [""Inv. 1920-40""]}","{""object_names"": [""Clerget 80 H.P."", ""engine no. 1009"", ""W.D. no. 2249"", ""Block tube carburetter from this engine, exhibited with engine details""], ""makers"": [""Gwynnes Ltd.""], ""organisations/institutions"": [""Aircraft Propulsion""], ""dates"": [""1913""], ""places"": [""Hammersmith, London, England, United Kingdom""], ""descriptions"": [""seven-cylinder"", ""80 hp"", ""aircraft engines"", ""cylinder engines"", ""rotary engines""], ""other"": [""Clerget"", ""Gwynnes, Ltd.""]}"
49,15,6,1,1,1,1,2,1,1,0,0,0,9,1,1,2,"{""object_names"": [""130 H.P. CLERGET AERO ENGINE""], ""makers"": [""Clerget, Blin et Cie""], ""organisations/institutions"": [""The Disposal Board"", ""Ministry of Munitions""], ""dates"": [""1922"", ""1920""], ""places"": [], ""descriptions"": [""nine-cylinder rotary air-cooled engine"", ""development of the adjacent smaller engine"", ""main principles of this engine are identical with those of the adjacent one"", ""differs only in a few characteristic improvements"", ""cylinders and connecting-rods are steel"", ""pistons of this engine are of aluminium"", ""steel crank-shaft is somewhat heavier than is usual in rotary engines"", ""block tube carburetter is fitted"", ""ignition is effected by two A.D.S. magnetos"", ""Normal b.h.p., 130"", ""weight, 381 lb."", ""bore, 120 mm. (4.72 in.)"", ""stroke, 160 mm. (6.30 in.)"", ""compression ratio, 4 to 1"", ""normal speed of rotation, 1,250 revolutions per minute"", ""petrol consumption, 10.65 gallons per hour"", ""oil consumption, 1.73 gallons per hour"", ""order of firing, 1, 3, 5, 7, 9, 2, 4, 6, 8""], ""other"": [""Inv. 1920-47""]}","{""object_names"": [""130 H.P. Clerget engine""], ""makers"": [""Clerget""], ""organisations/institutions"": [""W.D.""], ""dates"": [], ""places"": [], ""descriptions"": [""Aircraft Propulsion engines; engines""], ""other"": [""No. 20445"", ""No. 58077""]}"
50,38,10,1,1,2,2,3,0,1,1,2,0,28,4,1,2,"{""object_names"": [], ""makers"": [""Dudbridge Iron Works, Ltd.""], ""organisations/institutions"": [""Soci\u00e9t\u00e9 Anonyme des Moteurs \u201cSalmson,\u201d"", ""The Disposal Board, Ministry of Munitions.""], ""dates"": [""1922""], ""places"": [""Billancourt, Seine"", ""Stroud, Gloucester""], ""descriptions"": [""Canton-Unn\u00e9 System"", ""Invented jointly by MM. Canton and Unn\u00e9"", ""manufactured by the Soci\u00e9t\u00e9 Anonyme des Moteurs \u201cSalmson,\u201d, of Billancourt, Seine, and in Great Britain by the Dudbridge Iron Works, Ltd., of Stroud, Gloucester"", ""The \u201cSalmson\u201d aero engines, invented jointly by MM. Canton and Unn\u00e9, are manufactured on the Continent by the Soci\u00e9t\u00e9 Anonyme des Moteurs \u201cSalmson,\u201d, of Billancourt, Seine, and in Great Britain by the Dudbridge Iron Works, Ltd., of Stroud, Gloucester."", ""The engine here exhibited is a nine-cylinder water-cooled engine of the radial type."", ""The cylinders, which are placed symmetrically around the crank-shaft, are of nickel steel machined from solid forgings, the finished thickness of the working barrels being 2 mm."", ""The flat-topped combustion chambers carry bosses into which the casings of the mechanically operated inlet and exhaust valves are screwed."", ""Water jackets of spun copper are brazed to the cylinders and corrugated to permit the working barrels to expand freely."", ""The flat-topped cast-iron pistons are each fitted with three cast-iron spring rings, and are secured by hollow tungsten steel gudgeon-pins to H section steel connecting-rods, all of which operate on one crank-pin by means of a steel cage or connecting rod carrier."", ""The aluminium crank-case is in halves, between which the cylinders are securely clamped and from which the cam-box is detachable."", ""The lubrication is forced, a double pump being fitted below the cam-box; one pump draws oil from the crank-case sump, and delivers it to an external reservoir, where it is cooled, and from where it is drawn by the other pump through a fine wire gauze filtering screen to a sight feed box, whence it is delivered by means of the crank-shaft and cam-box to the big ends, and by exudation to the pistons and gudgeon-pins."", ""Two specially designed Zenith carburetters placed on the horizontal axis of the engine, deliver the explosive mixture through hot-water jacket branches into an annular mixing chamber, and thence by the induction pipes to the several cylinders, in which ignition is effected by a Siemens\u2019 magneto."", ""The engine drives through a reduction gear of 9 to 5, thereby allowing a propeller of larger diameter to be employed."", ""Weight, 360 lb. without radiator"", ""normal b.h.p., 130 h.p."", ""bore, 4.73 in."", ""stroke, 5.52 in."", ""normal rational speed, 1,250 revolutions per minute"", ""angle between cylinders, 40 degrees"", ""petrol consumption, 9.5 gallons per hour"", ""oil consumption, 0.5 gallons per hour"", ""order of firing, 1, 3, 5, 7, 9, 2, 4, 6, 8."", ""Inlet valve opens 1 to 2 mm. before top dead centre and closes 18 to 20 mm. after bottom dead centre."", ""Exhaust valve opens 18 to 20 mm. before bottom dead centre and closes 1 to 2 mm. before top dead centre."", ""Ignition occurs 12 to 13 mm. before top dead centre.""], ""other"": [""Inv. 1920-42.""]}","{""object_names"": [], ""makers"": [""Williams and Robinson Ltd.""], ""organisations/institutions"": [], ""dates"": [""1912""], ""places"": [], ""descriptions"": [""Aircraft Propulsion"", ""aircraft engines"", ""cylinder engines""], ""other"": [""no. AE56"", ""W.D. no. 1199""]}"
51,24,9,1,1,2,2,2,0,3,1,0,1,13,3,3,1,"{""object_names"": [], ""makers"": [""Leon Boll\u00e9e"", ""Colonel Alec Ogilvie, C.B.E.""], ""organisations/institutions"": [""Messrs. Short Brothers""], ""dates"": [""1909"", ""1913"", ""1920""], ""places"": [], ""descriptions"": [""Engine was designed by the Wright Brothers, and made by Leon Boll\u00e9e in 1909."", ""Fitted to a Wright biplane of the 1908 type, constructed by Messrs. Short Brothers."", ""In use from 1909 till 1913."", ""Engine showed a departure from standard practice in that no carburetter was fitted, the petrol being squirted into the induction manifold by means of a small gear pump (not shown)."", ""Control of the engine was effected by switching off the current or by lifting the exhaust valves."", ""Four separately cast cylinders are fitted with detachable water jackets, and are mounted on an aluminium crank-case."", ""Automatic inlet valves are employed."", ""Exhaust valves are operated by a simple vertical spindle and rocker arm."", ""Pump supplying petrol to the induction manifold was placed on the right-hand side of the engine, being driven by worm gear from the cam-shaft."", ""Lubricating oil pump (not shown) was on the same side and driven in like manner."", ""Supplied oil to the main bearings from the reservoir in the base of the crank-case."", ""Oil returned to the reservoir by a small pipe with a sight tube on the left of the crank-case, being filtered in passing."", ""Ignition was by means of a high-tension Eisemann magneto, driven from the forward end of the cam-shaft."", ""Water for cooling the engine was circulated by a rotary pump (not shown), mounted on the forward end of the main shaft."", ""Engine has a free exhaust, and has also auxiliary exhaust ports in the cylinders which are uncovered when the piston is at the end of its stroke."", ""Weight, 1,200 lb."", ""Brake h.p., 30"", ""Normal speed of rotation, 1,650 revolutions per minute."", ""Bore, 112 mm."", ""Stroke, 100 mm."", ""Engine may be seen in position on the model of the Wright flying machine (see No. 7).""], ""other"": [""Inv. 1920-383"", ""S.M. 1382"", ""L.S""]}","{""object_names"": [], ""makers"": [], ""organisations/institutions"": [], ""dates"": [""1908""], ""places"": [""Dayton, Ohio, United States""], ""descriptions"": [""Aircraft Propulsion"", ""aircraft engines"", ""cylinder engines""], ""other"": []}"
52,29,6,1,1,2,1,3,0,2,1,1,0,18,1,2,2,"{""object_names"": [""90 H.P. CURTISS AERO ENGINE. (Model o X 5.)""], ""makers"": [""Curtiss Motor Co."", ""Berling"", ""Schebler""], ""organisations/institutions"": [""The Disposal Board, Ministry of Munitions"", ""Curtiss Motor Co."", ""The Disposal Board"", ""Ministry of Munitions""], ""dates"": [""1920"", ""1922""], ""places"": [""America""], ""descriptions"": [""typical example of the various types produced by the Curtiss Motor Co., and used largely in America."", ""eight-cylinder V-type water-cooled engine divided into two groups of four cylinders set at 90 degrees."", ""cast-iron cylinders, which are cast separately, are each attached to the crank-case by eight short studs and four long through bolts, the latter being secured at the top to a bridge or yoke fitting over the cylinder heads."", ""cast-iron valves having electro-welded steel stems are located in the cylinder heads, and are operated by push rods and rocker arms from a single hollow cam-shaft in the crank-case between the cylinders, the push rods operating the exhaust valves being within tubular push rods operating the inlet valves."", ""valves, guides, and seats are cast integral with the cylinders, and the combustion chamber is nearly hemispherical."", ""water jackets are made of \""monel,\"" a non-corrosive combination of nickel and copper, and are oxyacetylene welded to the cylinder walls, the whole of the cylinder and jacket being nickel plated."", ""cooling water is circulated by means of a centrifugal pump, mounted on an extension of the crank-shaft projecting through the crank-case."", ""Lubrication is effected by means of a force pump driven by bevel gearing from a wheel formed integral with the crank-shaft."", ""pump forces oil through the crank-shaft to the five main bearings, and through the cam-shaft to the latter's bearings, while oil slingers are fitted at each end of the crank-shaft."", ""lower half of the crank-case is divided into four compartments, which serve as an oil reservoir having a capacity of six hours' flight."", ""Berling D-81 magneto is mounted between the cylinders, and is driven from the cam-shaft gearing."", ""A Schebler carburetter is fitted."", ""Normal b.h.p., 90"", ""weight, 325 lb."", ""bore, 4 in."", ""stroke, 5 in."", ""normal speed, 1,200 revolutions per minute"", ""maximum speed, 1,450 revolutions per minute"", ""petrol consumption, 7 gallons per hour"", ""oil consumption, 0.25 gallon per hour"", ""order of firing of the cylinders is 1, 2, 3, 4, 7, 8, 5, 6"", ""inlet valve closes 13/32 in. after bottom dead centre"", ""exhaust valve opens 11/16 in. before bottom dead centre"", ""Ignition occurs when fully advanced 0.5 in. before top dead centre""], ""other"": [""Inv. 1920-43""]}","{""object_names"": [], ""makers"": [], ""organisations/institutions"": [], ""dates"": [""3/3/30""], ""places"": [], ""descriptions"": [""Aircraft Propulsion engines""], ""other"": [""No. 3547 W.D."", ""No. 64397"", ""Spares Disposed""]}"
53,19,3,1,1,2,0,2,0,1,0,3,0,9,0,1,2,"{""object_names"": [], ""makers"": [""La Sociedad Hispano-Suiza"", ""Messrs. Peugeot""], ""organisations/institutions"": [""The Disposal Board, Ministry of Munitions""], ""dates"": [""1920"", ""1922""], ""places"": [""Barcelona, Spain"", ""France"", ""England"", ""America""], ""descriptions"": [""200 H.P. AERO ENGINE"", ""successful engine"", ""eight-cylinder, V-type, water-cooled engine"", ""cylinder blocks set at an angle of 90 degrees"", ""cylinders arranged in groups of four"", ""built-up construction"", ""water jackets and valve ports are cast of aluminium"", ""heat treated steel liners of the cylinders are threaded into the aluminium castings"", ""pistons are ribbed aluminium castings"", ""connecting-rods tubular"", ""crank-case is in two halves, divided horizontally on the centre line of the crank-shaft"", ""lower portion forming an oil base"", ""positive pressure system"", ""oil being forced through a filter"", ""steel tubes cast in the crank-case, to the main bearings"", ""through the crank-shaft to the crank-pins"", ""Zenith duplex carburetter is fitted"", ""two eight-cylinder mag- netos effect dual ignition""], ""other"": [""Inv. 1920-41""]}","{""object_names"": [], ""makers"": [], ""organisations/institutions"": [], ""dates"": [], ""places"": [], ""descriptions"": [""Aircraft Propulsion engines"", ""engines""], ""other"": [""No.115062"", ""WD No.10242""]}"
54,7,7,1,1,1,1,1,0,1,0,0,0,2,3,1,2,"{""object_names"": [], ""makers"": [], ""organisations/institutions"": [""The Air Ministry""], ""dates"": [""1920""], ""places"": [], ""descriptions"": [""six-cylinder"", ""vertical"", ""water-cooled engine of German design""], ""other"": [""Inv. 1920-355""]}","{""object_names"": [], ""makers"": [], ""organisations/institutions"": [], ""dates"": [], ""places"": [], ""descriptions"": [""Aircraft Propulsion engines"", ""engines""], ""other"": [""No. 1.578"", ""W.D. No. 101.862""]}"
55,20,6,1,2,1,1,2,0,1,0,0,0,13,1,2,2,"{""object_names"": [""180 H.P. MERCEDES AERO ENGINE""], ""makers"": [""The Air Ministry""], ""organisations/institutions"": [""The Air Ministry"", ""Bosch""], ""dates"": [""1920""], ""places"": [], ""descriptions"": [""six-cylinder, vertical, water-cooled engine"", ""modification of the earlier 160 h.p. model"", ""Explosive mixture is supplied to the cylinders by twin-jet dual carbureters"", ""both carbureters being enclosed in a cast aluminium water jacket"", ""Each carbureter feeds three cylinders through a branched steel induction pipe lagged with asbestos"", ""ignition is effected by two Z.L.6-type Bosch magnetos"", ""driven directly off the cam-shaft vertical, driving shaft by bevel gears"", ""Weight, 635 lb."", ""normal b.h.p., 174"", ""normal speed, 1,400 revolutions per minute"", ""bore, 140 mm."", ""stroke, 160 mm."", ""compression ratio, 4\u00b764 : 1"", ""petrol consumption, 12\u00b75 gallons per hour"", ""oil consumption, 7\u00b73 pints per hour"", ""order of firing, 1, 5, 3, 6, 2, 4"", ""ignition timing (fully advanced), 30 degrees before top dead centre"", ""inlet valve opens at top dead centre and closes 40 degrees after bottom dead centre"", ""exhaust valve opens 40 degrees before bottom dead centre and closes 10 degrees after top dead centre""], ""other"": [""Inv. 1920-354""]}","{""object_names"": [""160 H.P. Mercedes Aero engine""], ""makers"": [""Mercedes""], ""organisations/institutions"": [], ""dates"": [], ""places"": [], ""descriptions"": [""Aircraft Propulsion engines""], ""other"": [""No. 31.416"", ""W.D. No. 100.086""]}"
56,25,14,1,1,1,2,1,4,1,1,0,3,19,1,2,2,"{""object_names"": [""230 H.P. BENZ AERO ENGINE""], ""makers"": [], ""organisations/institutions"": [""The Air Ministry""], ""dates"": [""1920""], ""places"": [], ""descriptions"": [""six-cylinder vertical, water-cooled type"", ""Each separate cylinder is bolted to the crank-case by long studs, which pass through the top half of the crank-chamber and secure the crank-shaft bearings between the top and bottom halves of the crank-chamber"", ""Two inlet and two exhaust valves are fitted in the head of each cylinder, and are operated by overhead valve rockers and by push rods on either side of the cylinders"", ""The two cam-shafts, which run on plain bearings, are neatly arranged inside of the top half of the crank-case, and the floating exhaust cam-shaft is provided with half-compression cams"", ""The pistons are of cast iron, fitted with three exceptionally wide rings"", ""the piston heads are supported by conical steel forgings riveted and welded to the piston crowns, which bear on the centre portion of the gudgeon-pins, through slots cut in the connecting-rod small ends"", ""Two separate two-jet carbureters are fitted, having their intake passages through the top half of the crank-case casting, and each supplying three cylinders through an independent branched induction pipe, built up of light aluminium tube"", ""The lubrication of the crank-shaft and connecting-rod bearings is effected by a gear pump working in an auxiliary oil reservoir formed in the bottom of the air-cooled base chamber"", ""An oil-sealed petrol pump driven off the rear end of the inlet cam-shaft supplies petrol to the carbureters in conjunction with a supplementary pressure reservoir enclosed in the main petrol tank"", ""Weight, 848\u00b75 lb."", ""b.h.p., 230"", ""normal speed of rotation, 1,400 revolutions per minute"", ""bore, 145 mm."", ""stroke, 190 mm."", ""compression ratio, 4\u00b791 : 1"", ""petrol consumption, 18\u00b775 gallons per hour"", ""oil consumption, 4\u00b75 pints per hour"", ""order of firing, 1, 5, 3, 6, 2, 4 (the cylinders being numbered consecutively from the propeller end)"", ""inlet valve opens 10 degrees before top dead centre and closes 55 degrees after bottom dead centre"", ""exhaust valve opens 60 degrees before bottom dead centre and closes 20 degrees after top dead centre"", ""ignition occurs 30 degrees, or 18 mm. before top dead centre""], ""other"": [""1922"", ""Inv. 1920-356""]}","{""object_names"": [""230 H.P. Benz Aero engine No. 33.278"", ""230 H.P. Benz six-cylinder water cooled aero engine No. 33.278"", ""Aircraft Propulsion engines; engines""], ""makers"": [""Benz & Cie"", ""Bosch""], ""organisations/institutions"": [""British War Department""], ""dates"": [""1916""], ""places"": [""Mannheim, Germany"", ""Stuttgart, Germany"", ""Germany""], ""descriptions"": [""with magneto and carbon brush""], ""other"": [""No. 33.278"", ""magneto Type ZH6 No. 2090658"", ""W.D. No. 101,863""]}"
57,22,5,1,1,1,1,1,0,1,0,0,0,17,1,1,2,"{""object_names"": [""180 H.P. OPEL ARGUS AERO ENGINE""], ""makers"": [""Opel""], ""organisations/institutions"": [""The Air Ministry""], ""dates"": [""1920""], ""places"": [], ""descriptions"": [""six-cylinder vertical, water-cooled type"", ""produced in large quantities during the last two years of the war"", ""cylinders are arranged in three monoblocs"", ""each pair of cylinders being mounted as a separate unit"", ""common water jacket"", ""cylinder heads are flat and integral with the cylinder barrels"", ""walls of the combustion space are formed by an increase in diameter of the barrels"", ""two inlet valves are situated innermost"", ""pockets opening to one side of the engine"", ""two exhaust valves are outermost"", ""deliver to a manifold on the opposite side"", ""early forms of this engine cast-iron pistons were employed"", ""later aluminium pistons were fitted"", ""connecting-rods are of the normal H-section"", ""big and little ends offset in opposite directions"", ""crank-shaft is of the six-throw unbalanced type"", ""runs in seven white metalled phosphor-bronze bearings"", ""housed between the upper and lower halves of the crank-case"", ""throws and journals are hollow"", ""closed by discs forced into recesses machined therein"", ""crank-case is of aluminium alloy"", ""divided into a horizontal plane through the axis of the crank-shaft"", ""two halves being secured together by a flanged joint and numerous bolts"", ""16 supporting studs"", ""Dome-headed poppet valves are employed for both inlet and exhaust valves"", ""operated by a cam-shaft carried in the upper half of the crank-case"", ""cylinders are served by two Zenith Opel curburetters"", ""each of which serves three cylinders by a separate manifold"", ""compound oil pump fitted in the base of the sump is of the plunger type"", ""consists of four pumps built as a unit"", ""to pressure-feed the crank-shaft bearings"", ""to act as feed pump and scavenge pump""], ""other"": [""Inv. 1920-358""]}","{""object_names"": [""180 H.P. Opel Aero engine""], ""makers"": [""Opel (maker)""], ""organisations/institutions"": [], ""dates"": [], ""places"": [], ""descriptions"": [""Aircraft Propulsion engines; engines""], ""other"": [""No. 1274"", ""W.D. 100641""]}"
58,8,5,1,1,1,1,1,0,1,0,1,0,2,1,1,2,"{""object_names"": [], ""makers"": [], ""organisations/institutions"": [""Air Ministry""], ""dates"": [""1922""], ""places"": [""Germany""], ""descriptions"": [""This German rotary engine, with the exception of a few minor details, is almost an exact copy of the French 110 h.p. Le Rh\u00f4ne engine.""], ""other"": [""Inv. 1920-357""]}","{""object_names"": [], ""makers"": [""Oberursel""], ""organisations/institutions"": [], ""dates"": [], ""places"": [], ""descriptions"": [""Aircraft Propulsion engines; engines""], ""other"": [""No. 3057"", ""W.D. No. 101.288""]}"
59,8,4,1,3,0,0,1,0,1,0,0,0,4,1,1,0,"{""object_names"": [""ENGINE STARTER""], ""makers"": [], ""organisations/institutions"": [""The Air Council""], ""dates"": [""1922"", ""1919""], ""places"": [], ""descriptions"": [""compressed-air starter designed for use on the 220 h.p. Renault aero engine"", ""Compressed air is supplied from a compressor (not shown), and is fed to the six cylinders through a simple type of rotary valve"", ""A ratchet device makes the starter inoperative when the engine is running"", ""A starting magneto (not shown) is mounted at the top of the casting, and is driven at high speed by suitable gearing""], ""other"": [""Inv. 1919-429""]}","{""object_names"": [""Engine starter for 220 H.P. Renault Engine"", ""Aircraft Propulsion engine starter"", ""engine starter""], ""makers"": [], ""organisations/institutions"": [], ""dates"": [], ""places"": [], ""descriptions"": [""Engine starter for 220 H.P. Renault Engine""], ""other"": []}"
60,10,4,1,1,0,1,1,0,1,0,0,0,6,1,1,1,"{""object_names"": [], ""makers"": [], ""organisations/institutions"": [""The Air Council""], ""dates"": [""1919""], ""places"": [], ""descriptions"": [""Type K.R.3."", ""This well-known sparking-plug has been used considerably on aircraft engines."", ""The type shown is suitable for a stationary engine."", ""It is mechanically strong, and has an insulation capable of withstanding the very high temperature to which a sparking-plug on a stationary engine is subjected."", ""Radiating fins are supplied to assist in the cooling of the centre rod and the body of the plug. rod, and enable the former to be kept at a temperature which will not cause pre-ignition."", ""The body of the plug is also cut away in order to provide a large surface for cooling purposes."", ""The spark gap is annular, between the central electrode and a circular plate forming part of the body of the plug.""], ""other"": [""Inv. 1919-432""]}","{""object_names"": [], ""makers"": [""Sir Oliver Joseph Lodge""], ""organisations/institutions"": [], ""dates"": [], ""places"": [], ""descriptions"": [""Aircraft Propulsion""], ""other"": [""spark plug"", ""spark plug""]}"
61,9,4,1,1,1,1,1,0,1,0,0,0,4,2,1,0,"{""object_names"": [], ""makers"": [], ""organisations/institutions"": [""The Air Council""], ""dates"": [""1919""], ""places"": [], ""descriptions"": [""This sparking-plug is designed for a stationary air-cooled aero engine."", ""It is made with large surface radiating fins to assist in the cooling, and so maintain a temperature which will not cause pre-ignition."", ""The plug has a six-point spark gap. The central rod terminates in a star-shaped electrode of six points. It is insulated from the body of the plug by a mica cylinder, and the whole is held in position by a screw collar, which, with an asbestos washer, forms a gas-tight joint."", ""This sparking-plug is designed to withstand, by means of a large radiating surface, the very high temperature which a stationary air-cooled engine attains.""], ""other"": [""Inv. 1919-433""]}","{""object_names"": [], ""makers"": [], ""organisations/institutions"": [], ""dates"": [], ""places"": [], ""descriptions"": [""Aircraft Propulsion""], ""other"": [""spark plug; spark plug""]}"
62,17,7,1,1,1,1,1,1,1,0,0,0,12,3,2,1,"{""object_names"": [], ""makers"": [""The British Thomson-Houston Co., Ltd.""], ""organisations/institutions"": [""The British Thomson-Houston Co., Ltd.""], ""dates"": [""1919""], ""places"": [], ""descriptions"": [""sectioned example of the A.V. 8 S. type of polar inductor magneto"", ""suitable for an eight-cylinder aircraft engine"", ""Examples of the materials used in construction are shown adjacent"", ""stationary armature and a rotor consisting of four iron masses mounted upon a \""straight-through\"" shaft of non-magnetic steel"", ""current which produces the spark is generated in the stationary armature"", ""reaches its maximum four times during each revolution of the rotor or polar inductor"", ""four sparks are produced per revolution"", ""masses of iron which form the polar inductor are alternately North and South poles"", ""sweeping past the ends or poles of the laminated circuit, they cause, on each occasion, a reversion in the flux"", ""beginning of the primary winding is connected to the armature core and the end to the secondary winding and to the contact breaker"", ""cam operates the rocker arm, separating the contacts four times per revolution of the shaft"", ""current induced in the primary winding builds up until the cam separates the contacts at the instant when this current is at a maximum"", ""instantaneous collapse and reversal of the flux at the moment of \""break\"" produces the high voltage in the secondary winding which causes the spark"", ""distributor consists of a rotating metal brush, which conveys the high-tension current to the various segments"", ""sparks are thus distributed to the various plugs on the engine"", ""condenser is fitted above the armature"", ""safety spark gap is provided between a point on the metal brush-box and a stud on the half-speed gear wheel"", ""inductor shaft is driven at engine speed""], ""other"": [""1922"", ""Inv. 1919-277. S.M. 116I. L.S.""]}","{""object_names"": [""Sectioned AV8s Magneto""], ""makers"": [""British Thomson-Houston Co. Ltd""], ""organisations/institutions"": [""British Thomson-Houston Co. Ltd""], ""dates"": [], ""places"": [], ""descriptions"": [""with specimens of material used in its manufacture (on 3 boards)"", ""Aircraft Propulsion section""], ""other"": [""Sectioned AV8s Magneto""]}"
63,23,5,1,1,1,1,1,0,2,0,0,0,17,1,1,2,"{""object_names"": [], ""makers"": [""Zenith Carburetter Co.""], ""organisations/institutions"": [""The Lords Commissioners of the Admiralty""], ""dates"": [""1919""], ""places"": [], ""descriptions"": [""example of the well-known carburetter manufactured by the Zenith Carburetter Co., and used extensively with aero engines"", ""chief characteristic is the fitting of an auxiliary or compensating jet in addition to the main jet"", ""has also a slow-running device and removable choke tube"", ""suitable for a four-cylinder engine"", ""main jet is fitted in the centre of the compensating jet, being inserted from beneath when the plug is removed"", ""fed directly from the float chamber"", ""compensating jet is inserted from above, and can be seen in position covering the main jet"", ""bore of each jet is marked on it in hundredths of a millimeter, so that a very fine adjustment can be effected by discriminate changing"", ""slow-running device consists of a small jet situated in a tube, which is part of the carburetter casting, and adjacent to the main intake"", ""has an air intake above it, through two holes in the casting, which can be plainly seen"", ""At low-engine speeds, when the throttle, which is of the ordinary central-pivoted type, is almost closed, the slow-running device comes into operation and gases are sucked into the main intake from the small jet through a passage above the throttle"", ""In this position the main and compensating jets are practically shut off, and the partial vacuum induced by the engine has its full effect upon the small jet"", ""As the throttle is opened the slow-running device is progressively cut out"", ""mixture is kept more or less constant at all speeds by means of the compensating jet, which corrects the irregularities of the main jet; it has a greater influence at low speeds, while the main jet has most effect at high speeds"", ""Adjustment is effected by changing the choke tube, the main and compensating jets, and regulating the slow-running device"", ""advantage of this carburetter is that, when once properly adjusted, it requires no attention, unless the conditions of service are radically altered""], ""other"": [""Inv. 1919-431""]}","{""object_names"": [], ""makers"": [], ""organisations/institutions"": [], ""dates"": [], ""places"": [], ""descriptions"": [""Aircraft Propulsion""], ""other"": [""carburetter"", ""carburetter""]}"
64,15,5,1,3,1,1,2,0,2,0,0,0,8,1,1,0,"{""object_names"": [""CLAUDEL HOBSON CARBURETTER""], ""makers"": [""The Air Ministry""], ""organisations/institutions"": [""The Air Ministry"", ""Royal Air Force""], ""dates"": [""1922"", ""1914\u201318""], ""places"": [], ""descriptions"": [""This type of carburetter was used considerably on aircraft engines during the war (1914\u201318)."", ""The example shown is of a type supplied to the Royal Air Force, and is known as Mark I.A."", ""It has two jets, mixing chambers, throttles, etc., but one common float chamber."", ""The carburetter is suitable for an eight-cylinder (80 h.p.) Vee engine."", ""The principal feature of this twin carburetter is the automatic mixture control, obtained by means of the specially designed cylindrical throttle, which forms a variable choke tube as it is opened."", ""The main jets have holes in their outer casings through which the air for atomizing the petrol passes."", ""Adjustment for strength of mixture is provided by two screws fitted just above each air intake. When these are screwed in, the actual suction on the jet is increased and the mixture is enriched."", ""Provision is made for shutting off all the air for starting purposes. This is effected by the fitting of a central-pivoted throttle in each air intake."", ""A large straining device and sump is arranged at the base of the carburetter, the petrol being fed directly from this to the float chamber."", ""The two throttles are connected in such a manner that an equal opening is obtained.""], ""other"": [""1919""]}","{""object_names"": [""Claudel Hobson Carburetter for Aero engine"", ""Aircraft Propulsion"", ""carburetter""], ""makers"": [], ""organisations/institutions"": [], ""dates"": [], ""places"": [], ""descriptions"": [""Claudel Hobson Carburetter for Aero engine""], ""other"": []}"
65,9,3,1,2,1,0,1,0,1,0,0,0,4,1,1,0,"{""object_names"": [""SILENCER FOR AERO ENGINE""], ""makers"": [""The Air Council""], ""organisations/institutions"": [], ""dates"": [""1919""], ""places"": [], ""descriptions"": [""designed for a moderately powered aero engine"", ""made of aluminium"", ""cast in two pieces, which, being bolted together, are easily removable for cleaning purposes"", ""The exhaust pipe from the engine is connected at the blunt end of the silencer, and the gases thus entering impinge against the four inclined baffle-plates, which are a part of the casting. The gases are thus divided and induced to follow the streamline form of the silencer till they encounter a series of holes and escape.""], ""other"": [""Inv. 1919-428""]}","{""object_names"": [""Aluminium Silencer"", ""Aircraft Propulsion""], ""makers"": [], ""organisations/institutions"": [], ""dates"": [], ""places"": [], ""descriptions"": [""silencer""], ""other"": []}"
66,12,14,1,2,0,2,1,1,1,1,0,4,6,2,3,2,"{""object_names"": [""COMPASS""], ""makers"": [], ""organisations/institutions"": [""The Air Ministry""], ""dates"": [""1914\u201318""], ""places"": [], ""descriptions"": [""standard type of compass for scout machines"", ""used extensively during the war"", ""can be read with ease, as the moving part comes to rest quickly"", ""instrument is electrically illuminated"", ""markings are treated with radium compound, which enables readings to be taken should the light fail"", ""fitted with an inclined ring card graduated on the inside to read against the vertical pin in the centre, and on the outside to read against the \""lubber line\"" on the glass"", ""ring card is attached to the pivot by a wire framework, carrying the magnetic system, and the whole is enclosed in a cylindrical case, which is filled with a non-freezing liquid"", ""liquid is introduced to steady the moving part"", ""period is about 10 seconds""], ""other"": [""Type 5/17"", ""Inv. 1919-531"", ""S.M. 1389. L.S.""]}","{""object_names"": [""Quick Period compass"", ""liquid aircraft compass""], ""makers"": [""Creagh-Osborn"", ""Henry Hughes and Son Ltd.""], ""organisations/institutions"": [""Science Museum Group Collections Online""], ""dates"": [""1917-1919""], ""places"": [""London"", ""Greater London"", ""England"", ""United Kingdom""], ""descriptions"": [""used on scouting aircrafts during the First World War"", ""also known as 'Quick Period' compass""], ""other"": [""5/16"", ""patent no. 1148/15"", ""developed by Captain F.O. Creagh-Osborne"", ""radioactive material"", ""aeronautical compass"", ""magnetic compass""]}"
67,17,4,1,1,1,0,2,0,1,0,0,0,11,3,1,0,"{""object_names"": [""COMPASS, R.A.F. MARK II""], ""makers"": [""The Air Ministry""], ""organisations/institutions"": [""Royal Air Force"", ""R.A.F.""], ""dates"": [""1922"", ""1919""], ""places"": [], ""descriptions"": [""standard magnetic compass used by the Royal Air Force"", ""\""quick-period\"" type"", ""moving part coming to rest almost immediately after a change of direction"", ""electrically illuminated"", ""markings are treated with radium compound to enable readings to be taken should the light fail"", ""fitted with an inclined ring card graduated on the inside to read against a forward \""lubber line\"""", ""ring card is attached to the pivot by a wire framework which carries a system of parallel magnetic needles"", ""whole is enclosed in a circular chamber containing a non-freezing solution of about 80 per cent. alcohol with distilled water"", ""device is provided to allow for expansion"", ""liquid is introduced to give a damping effect to the card and needles"", ""period of this compass is quick and \""dead-beat\"""", ""readings taken during, or immediately after, a turn are quite reliable"", ""compass case is mounted in a box fitted with springs in order to insulate it as far as possible from shocks and vibration"", ""device is fitted above the chamber consisting of tubes mounted at right angles to one another in the horizontal plane and shut off by a rotating sleeve"", ""small \""wire\"" compensating magnets (marked half red and half blue for the N. and S. poles respectively) are placed in these tubes, according to the correction required, and locked therein by the rotating sleeve"", ""not possible to achieve absolute correction in this manner"", ""compass similar to the one shown, but of the \""slow-period\"" type, is also made"", ""has a period of about 48 seconds"", ""particularly suitable for cloud flying""], ""other"": [""Inv. 1919-532""]}","{""object_names"": [""Compass R.A.F Mk2"", ""\""Quick Period\"" Compass R.A.F Mk2""], ""makers"": [], ""organisations/institutions"": [], ""dates"": [], ""places"": [], ""descriptions"": [""Navigation aeronautical compass"", ""magnetic compass"", ""aeronautical compass""], ""other"": []}"
68,11,4,1,1,1,0,1,0,1,0,0,0,6,3,1,0,"{""object_names"": [""GERMAN LIQUID COMPASS""], ""makers"": [""The Air Ministry""], ""organisations/institutions"": [""The Air Ministry""], ""dates"": [""1920""], ""places"": [], ""descriptions"": [""liquid compass"", ""resembles closely the early forms of liquid aero compasses used in this country"", ""A cylindrical float carries a large copper disc, upon which the compass card is painted"", ""The whole of the interior of the compass is filled with liquid"", ""four black vertical lines are marked on the inside of the case at intervals of 90 degrees"", ""A pointer on the face of the instrument enables any particular course to be set off and followed"", ""The instrument is intended to be mounted in gimbals""], ""other"": [""Inv. 1920-458""]}","{""object_names"": [""Compass""], ""makers"": [], ""organisations/institutions"": [], ""dates"": [], ""places"": [], ""descriptions"": [""liquid"", ""Navigation"", ""radioactive material; magnetic compass""], ""other"": []}"
69,19,7,1,4,1,0,1,0,1,0,1,1,13,2,1,0,"{""object_names"": [""GERMAN AIR-SPEED INDICATOR""], ""makers"": [""The Air Ministry""], ""organisations/institutions"": [""The Air Ministry""], ""dates"": [""1920""], ""places"": [""German""], ""descriptions"": [""This air-speed indicator differs from an ordinary air-speed indicator in having a connection to a suction tube only, which is set in a forward direction."", ""The instrument comprises essentially a flat metal chamber, one end of which is formed by a corrugated metal diaphragm."", ""The suction tube connects with the interior of the chamber, so that the pressure within the chamber is regulated by the air-speed."", ""Any variation of pressure causes a movement of the diaphragm, to the centre of which is connected an axial arm, which by means of a quadrant transfers its motion to an axial shaft which is thereby caused to rotate."", ""This shaft carries the pointer, which moves over a suitably graduated scale."", ""The head of the instrument consists of a small annular tube, mounted in a larger one, which is slightly conical."", ""In the inner surface of the annular tube is a series of small holes, so that the suction of the air passing the holes reduces the pressure in the annular space, which is also in connection with the metal chamber of the indicating instrument."", ""Presented by The Air Ministry, 1920."", ""This air-speed indicator differs from an ordinary air-speed indicator in having a connection to a suction tube only, which is set in a forward direction."", ""The instrument comprises essentially a flat metal chamber, one end of which is formed by a corrugated metal diaphragm."", ""The suction tube connects with the interior of the chamber, so that the pressure within the chamber is regulated by the air-speed."", ""Any variation of pressure causes a movement of the diaphragm, to the centre of which is connected an axial arm, which by means of a quadrant transfers its motion to an axial shaft which is thereby caused to rotate."", ""This shaft carries the pointer, which moves over a suitably graduated scale."", ""The head of the instrument consists of a small annular tube, mounted in a larger one, which is slightly conical."", ""In the inner surface of the annular tube is a series of small holes, so that the suction of the air passing the holes reduces the pressure in the annular space, which is also in connection with the metal chamber of the indicating instrument.""], ""other"": [""Inv. 1920-457""]}","{""object_names"": [""Indicator, Wind Speed (2 parts)"", ""Aeronautics indicator"", ""indicator""], ""makers"": [], ""organisations/institutions"": [], ""dates"": [], ""places"": [""German""], ""descriptions"": [""Indicator, Wind Speed (2 parts)"", ""(2 parts)""], ""other"": []}"
70,14,4,1,1,0,0,1,0,2,0,0,0,9,2,1,1,"{""object_names"": [], ""makers"": [], ""organisations/institutions"": [""The Air Ministry""], ""dates"": [""1919"", ""1922""], ""places"": [], ""descriptions"": [""designed primarily to enable the observer to calculate the compass course to be steered to make good a certain track on the ground when a cross-wind is blowing"", ""can also be used to ascertain the actual ground-speed in such a situation"", ""The device is based on the principle of the resolution of velocities by means of the parallelogram of forces"", ""A diagram by the object shows how this principle is applied"", ""It will be seen that the two velocities with their directions form the sides of a parallelogram, the diagonal of which (A'/B') indicates the resultant velocity of the machine and its direction NE. while it is being steered NNE."", ""The instrument is shown set for finding the compass course to be steered to make good a NE. track over the ground in a wind of 40 miles per hour from the W., the air-speed of the machine being 95 miles per hour."", ""The arrow on the revolving disc is set to the course to be made good."", ""One arm (A) is then set to the direction from which the wind is blowing, while the pointer (A') is set to its speed."", ""The other arm (B) (with its pointer (B') set to the air-speed of the machine) is revolved till the pointer (B') is on the same line (parallel to the arrow) as the pointer (A') on the first arm (A). The second arm (B) now indicates the course to be steered, which is approximately NNE."", ""By counting the squares from pointer to pointer it will be ascertained that the ground-speed is about 118 miles per hour.""], ""other"": [""Inv. 1919-528""]}","{""object_names"": [], ""makers"": [], ""organisations/institutions"": [], ""dates"": [], ""places"": [], ""descriptions"": [""celluloid"", ""7\"""", ""Navigation calculators; calculators""], ""other"": []}"
71,14,8,1,2,0,0,1,0,1,1,0,0,10,4,1,1,"{""object_names"": [""AERO BEARING PLATE, MARK I""], ""makers"": [], ""organisations/institutions"": [""The Air Ministry""], ""dates"": [""1919""], ""places"": [], ""descriptions"": [""This instrument is designed to calculate the amount of drift and the actual ground-speed for the purpose of aerial navigation."", ""The angle of drift is easily ascertained by viewing an object through the celluloid and along the drift wire, and adjusting the latter until no deviation is apparent."", ""The ground-speed is calculated by timing the aircraft over a distance on the ground which is known when viewed through the sights."", ""The device consists of two rotating concentric rings and a middle ring, which constitutes the base plate, and is furnished with a securing bracket, which engages a fixed shoe on the aircraft."", ""The inner ring is in the form of a dial, graduated in degrees and showing the cardinal points."", ""The outer or sight-ring carries the forward and back sights ; it also carries a pivoted vertical arm, graduated in hundreds and thousands of feet, with a back sight adjustable for height."", ""A drift wire is fitted along the centre of this arm."", ""The inner ring or bearing plate is set by the compass on the aircraft ; the outer ring is then rotated till an object on the ground passes evenly along the drift wire, indicating that it agrees with the ground drift."", ""The angle of ground drift, or actual track made good, can then be read off at the pointer, carried by the sights, against the bearing plate."", ""In order to ascertain the ground speed it is necessary to adjust the movable back sight, thus altering the angle of view through the fore sight in proportion to the height of the machine above the ground."", ""This gives a constant base line on the ground of half a statute mile."", ""The time taken for any object to pass from the fore sight (viewed through the movable back sight) to the back sight is the time taken by the aircraft to cover this distance."", ""A stop watch is employed to register the period.""], ""other"": [""Inv. 1919-527""]}","{""object_names"": [""Aero bearing plate""], ""makers"": [], ""organisations/institutions"": [], ""dates"": [""1918""], ""places"": [], ""descriptions"": [""6\"" Mk.I"", ""aeronautics"", ""radioactive material"", ""aero bearings plate""], ""other"": []}"
72,19,4,1,2,0,1,2,0,1,0,0,0,14,1,1,0,"{""object_names"": [""BIGSWORTH CHART BOARD""], ""makers"": [], ""organisations/institutions"": [""The Air Ministry""], ""dates"": [""1919""], ""places"": [], ""descriptions"": [""This chart-board is designed to accommodate four or five aerial charts or maps."", ""It has a protractor mounted on parallel links, which enable it to maintain the same angle when moved over the board."", ""The course can be marked on the celluloid cover by means of a special pencil."", ""This chart-board is 14 in. square, being designed for use on aircraft where space is limited."", ""The charts are inserted by pulling out and turning down the brass clip on the right, and by slightly lifting the flap of the celluloid cover."", ""The parallels are clamped by means of a screw, and when this has been done the protractor may be used over any portion of the board."", ""In order to use the protractor, the large milled head is turned till the engraved arrow lies coincident with the magnetic meridian of the compass rose on the chart."", ""The back screw is then eased, and the metal pointer is set to zero and reclamped ; it then indicates magnetic direction."", ""To maintain any particular course, the protractor is turned till the pointer indicates the required angle ; it is then clamped by the small screw in the centre."", ""The protractor will now record the desired angle wherever it is moved on the chart, and the course can be marked on the celluloid cover."", ""In order to measure distance, the sides of the protractor are graduated in inches and tenths and numbered, in the direction of the arrow, from the departure point to the objective."", ""The distance in inches and tenths is multiplied by the scale of the chart\u2014in the case of a general chart by 10, which is the number of nautical miles to the inch."", ""The protractor is equally available for maps where the scale is some fraction or multiple of an inch."", ""Lent by The Air Ministry, 1919.""], ""other"": [""Inv. 1919-529""]}","{""object_names"": [""Bigsworth Chart Board 14\"""", ""Aeronautics chart board; chart board""], ""makers"": [""Bigsworth""], ""organisations/institutions"": [], ""dates"": [], ""places"": [], ""descriptions"": [""14\""""], ""other"": []}"
73,10,4,1,1,0,1,1,0,2,0,0,0,5,1,1,1,"{""object_names"": [], ""makers"": [], ""organisations/institutions"": [""The Air Ministry""], ""dates"": [""1922"", ""1919""], ""places"": [], ""descriptions"": [""The object of this instrument is to warn the pilot when a water-cooled engine is in danger of overheating, and whether there is any loss, by boiling, in the water-cooling system. It consists of a small cylinder connected by air-tight tubing to a Bourdon pressure gauge. The cylinder is usually immersed in the radiator water, but it is sometimes fitted in the cooling jacket of the engine. It contains ether in both liquid and vaporous state. As the temperature of the water rises, the vapour pressure in the cylinder increases, and is registered by the Bourdon gauge. The scale is graduated to read up to 100\u00b0 C., and as the boiling point of water decreases with height and reduced pressure, a red marking (indicating that at 10,000 ft. the boiling point is 93\u00b0) is provided to prevent any error on this account."", ""water-cooled engine"", ""air-tight tubing"", ""Bourdon pressure gauge"", ""ether in both liquid and vaporous state"", ""boiling point of water decreases with height and reduced pressure"", ""red marking (indicating that at 10,000 ft. the boiling point is 93\u00b0)""], ""other"": [""Inv. 1919-530""]}","{""object_names"": [], ""makers"": [""Foxborough""], ""organisations/institutions"": [], ""dates"": [], ""places"": [], ""descriptions"": [""Aircraft Propulsion thermometers; thermometers""], ""other"": [""Radiator thermometer (Foxborough)""]}"
74,9,3,1,2,0,0,1,0,1,0,0,0,5,1,1,0,"{""object_names"": [""GERMAN ELECTRIC THERMOMETER""], ""makers"": [], ""organisations/institutions"": [""The Air Ministry""], ""dates"": [""1920""], ""places"": [], ""descriptions"": [""This type of electrical thermometer was used for indicating the temperature of the water in the radiator."", ""The lower portion of the instrument forms an ordinary mercury thermometer"", ""on the capillary tube a scale is graduated from 35\u00b0 C. to 100\u00b0 C."", ""A fine platinum wire is enclosed in the capillary tube up to the graduation of 85\u00b0 C."", ""a small electric bulb is fixed behind the glass scale.""], ""other"": [""Inv. 1920-462""]}","{""object_names"": [""Thermometer"", ""Aircraft Propulsion thermometers""], ""makers"": [], ""organisations/institutions"": [], ""dates"": [], ""places"": [], ""descriptions"": [""thermometers""], ""other"": []}"
75,9,5,1,2,0,0,0,1,2,0,0,0,5,2,1,0,"{""object_names"": [""POCKET BAROGRAPH""], ""makers"": [], ""organisations/institutions"": [], ""dates"": [""1913"", ""1922""], ""places"": [], ""descriptions"": [""early instrument"", ""automatically recorded the height reached"", ""modified for use in ballooning and in aeroplane work"", ""pen does not trace a line, as is usual in barographs, but dots every half minute"", ""frees the indication of the instrument from the drag due to the pen moving on the paper"", ""rough indication of the rate of climbing of an aeroplane can be made by counting the interspaces between the dots, and so getting the time of rising""], ""other"": [""Inv. 1913-428""]}","{""object_names"": [""Aeronautical pocket barograph"", ""barograph""], ""makers"": [], ""organisations/institutions"": [""Science Museum Group Collections Online""], ""dates"": [], ""places"": [], ""descriptions"": [""in small leather case"", ""Aeronautics barograph""], ""other"": []}"
76,12,2,1,1,1,0,1,0,1,0,0,0,6,1,2,0,"{""object_names"": [""ALTIMETER, R.A.F. PATTERN""], ""makers"": [""The Air Ministry""], ""organisations/institutions"": [""The Air Ministry""], ""dates"": [""1919""], ""places"": [], ""descriptions"": [""This instrument is designed to inform the pilot of the height which he has attained. It measures atmospheric pressure, which decreases with altitude. The instrument consists of an aneroid barometer graduated to read in thousands of feet. The scale can be rotated by the milled head, and is usually adjusted to zero before the flight. This corrects for the barometric pressure of the day, and the altimeter then records the height above the starting point. If adjusted, before flight, to the known height of the starting point, it will record the altitude above sea-level. The accuracy of this type of instrument is affected by the varying temperature of the air at different altitudes and its \""lag,\"" or tardiness, in responding to sudden changes."", ""designed to inform the pilot of the height which he has attained"", ""measures atmospheric pressure, which decreases with altitude"", ""an aneroid barometer graduated to read in thousands of feet"", ""scale can be rotated by the milled head, and is usually adjusted to zero before the flight"", ""corrects for the barometric pressure of the day, and the altimeter then records the height above the starting point"", ""If adjusted, before flight, to the known height of the starting point, it will record the altitude above sea-level"", ""accuracy of this type of instrument is affected by the varying temperature of the air at different altitudes and its \""lag,\"" or tardiness, in responding to sudden changes""], ""other"": [""Inv. 1919-523"", ""S.M. 1389""]}","{""object_names"": [""Altimeter mark 5B non-luminous""], ""makers"": [], ""organisations/institutions"": [], ""dates"": [], ""places"": [], ""descriptions"": [""Aeronautics altimeter""], ""other"": []}"
77,13,7,1,3,1,0,0,0,2,0,0,0,7,4,2,0,"{""object_names"": [""EARLY AIR-SPEED INDICATOR""], ""makers"": [""Lieut.-Colonel Mervyn O\u2019Gorman, C.B.""], ""organisations/institutions"": [], ""dates"": [""1922"", ""1920""], ""places"": [], ""descriptions"": [""This was the first air-speed indicator for aircraft employing the principle of the rise of air pressure due to the velocity, above the pressure in a static box."", ""It was originally calibrated on a motor-car, and afterwards used on the airships \u201cBeta\u201d and \u201cGamma,\u201d and also on the first B.E. aeroplane."", ""The head of the instrument consists of two long parallel tubes, one being a pressure tube and the second being connected with a small annular chamber provided with a number of small holes connecting with the atmosphere."", ""The rush of air past this series of holes causes a suction in the tube in connection with this chamber."", ""The indicator consists of two small chambers separated by a diaphragm, each chamber being in connection with one tube of the pressure head."", ""Any difference in pressure in the two tubes is communicated to the diaphragm, which moves accordingly, and operates a spring-controlled arm connected thereto, which in turn actuates the pointer."", ""Presented by Lieut.-Colonel Mervyn O\u2019Gorman, C.B., 1920.""], ""other"": [""Inv. 1920-153"", ""Inv. 1920-154""]}","{""object_names"": [""Airspeed Indicator Head"", ""pressure tube and zero tube in one piece for the first pitot tube airspeed meter"", ""airspeed indicator head""], ""makers"": [], ""organisations/institutions"": [], ""dates"": [], ""places"": [], ""descriptions"": [""being pressure tube and zero tube in one piece for the first pitot tube airspeed meter"", ""Aeronautics"", ""airspeed indicator head"", ""Head for Airspeed Indicator""], ""other"": []}"
78,10,4,1,2,1,0,1,0,2,0,1,0,3,0,1,2,"{""object_names"": [""OGILVIE AIR-SPEED INDICATOR""], ""makers"": [""Colonel Alec Ogilvie, C.B.E.""], ""organisations/institutions"": [""Royal Aero Club""], ""dates"": [""1920"", ""December, 1912""], ""places"": [""Eastchurch""], ""descriptions"": [""first spring-controlled speed indicator made for use on an aeroplane in combination with a Pitot head"", ""original rubber diaphragm"", ""mounted in brass""], ""other"": [""Inv. 1920-440""]}","{""object_names"": [""Air-speed indicators"", ""airspeed indicators""], ""makers"": [], ""organisations/institutions"": [], ""dates"": [], ""places"": [], ""descriptions"": [""Three examples of early"", ""Aeronautics""], ""other"": []}"
79,11,4,1,2,1,0,2,0,2,0,1,0,3,2,1,0,"{""object_names"": [""OGILVIE AIR-SPEED INDICATOR""], ""makers"": [""Colonel Alec Ogilvie, C.B.E.""], ""organisations/institutions"": [""Royal Aero Club"", ""Royal Aero Club ground""], ""dates"": [""1920"", ""early in 1913""], ""places"": [""Eastchurch""], ""descriptions"": [""second spring-controlled speed indicator made for use on an aeroplane in combination with a Pitot head"", ""shows improvements in design and workmanship"", ""Presented by Colonel Alec Ogilvie, C.B.E., 1920""], ""other"": [""Inv. 1920-440""]}","{""object_names"": [""Air-speed indicators"", ""Aeronautics airspeed indicators""], ""makers"": [], ""organisations/institutions"": [], ""dates"": [], ""places"": [], ""descriptions"": [""Three examples of early"", ""Airspeed indicators""], ""other"": []}"
80,10,4,1,1,0,0,1,0,1,0,0,0,5,2,2,1,"{""object_names"": [], ""makers"": [], ""organisations/institutions"": [""The Air Ministry""], ""dates"": [""1922"", ""1919""], ""places"": [], ""descriptions"": [""The speed of aircraft in relation to the air is measured from the difference between the atmospheric pressure and that induced by the speed of flight."", ""The instrument shown is of the Ogilvie type, and indicates this speed in miles per hour."", ""It is connected with the pressure head adjacent."", ""Two tubes from the pressure head are connected to the gauge and the pressure difference, which amounts to approximately 5 in. head of water at 100 miles per hour, deflects metal diaphragms in the instrument, the movement being communicated to the pointer by suitable gearing."", ""The indicator only reads true air speed near the ground level, for at a height the reduction of air density causes the readings to be low. In order to correct for this, a computing ring is fitted, by means of which the true air speed may be calculated from the indicated speed."", ""As set, the scales record a true air speed of 81 miles per hour, which at 10,000 ft. corresponds to an indicated speed of 70 miles per hour.""], ""other"": [""Inv. 1919-521"", ""S.M. 1389"", ""L.S.""]}","{""object_names"": [""Air speed indicator, Mark 4A""], ""makers"": [], ""organisations/institutions"": [], ""dates"": [], ""places"": [], ""descriptions"": [""Aeronautics air speed indicator""], ""other"": [""Air speed indicator""]}"
81,15,4,1,1,0,0,2,0,2,0,0,0,8,2,2,1,"{""object_names"": [], ""makers"": [], ""organisations/institutions"": [""The Air Ministry""], ""dates"": [""1922"", ""1919""], ""places"": [], ""descriptions"": [""This instrument is used in conjunction with the air-speed gauge (see No. 94) to record the speed in relation to the air, and is connected to it by means of flexible tubing."", ""It is usually mounted in an exposed position at the front of the aeroplane, as clear as possible from the propeller slip stream and the wing surfaces."", ""This instrument consists of two tubes, known as the \"" static \"" and \"" pitot \"" tubes respectively."", ""The static tube is closed at the end, and has small holes at the sides communicating with the outer air."", ""Pressure inside this tube is not affected by its passage through the air."", ""The pitot tube is open at the end and is arranged to face up stream."", ""It records the atmospheric pressure plus the additional pressure produced by the speed of flight and the wind."", ""The pressure difference between the two tubes is proportional to the density of the air and the square of the velocity of the machine.""], ""other"": [""Inv. 1919-522"", ""S.M. 1389. L.S.""]}","{""object_names"": [""Pitot Head for Air Speed Indicator Pitot Head for Air Speed Indicator""], ""makers"": [], ""organisations/institutions"": [], ""dates"": [], ""places"": [], ""descriptions"": [""Aeronautics""], ""other"": [""pitot head; pitot head""]}"
82,8,3,1,1,0,0,1,0,1,0,1,0,3,2,1,0,"{""object_names"": [""GERMAN AIR-SPEED INDICATOR""], ""makers"": [], ""organisations/institutions"": [""The Air Ministry""], ""dates"": [""1920"", ""1914-18""], ""places"": [""German""], ""descriptions"": [""This form of air-speed indicator, which was used considerably by the Germans during the war (1914-18), closely resembles the Ogilvie air-speed indicator."", ""This instrument consists of a large metal chamber, divided into two portions by a partition carrying a rubber diaphragm. Increased pressure in one of these chambers, which is connected to the pressure tube of a pitot head, causes a motion of the rubber diaphragm, which is augmented by a corresponding decrease of pressure in the other chamber, which is in connection with the suction tube of the pitot head."", ""The motion of the rubber diaphragm is transmitted through a quadrant to a spindle carrying the pointer, which is thus caused to travel along the graduated scale.""], ""other"": [""Inv. 1920-459""]}","{""object_names"": [""Indicator Speed (German) Indicator Speed (German) Aeronautics indicator; indicator""], ""makers"": [], ""organisations/institutions"": [], ""dates"": [], ""places"": [], ""descriptions"": [""Aeronautics indicator""], ""other"": []}"
83,11,2,1,1,1,0,1,0,2,0,0,0,5,1,1,0,"{""object_names"": [], ""makers"": [""The Air Ministry""], ""organisations/institutions"": [], ""dates"": [""1919"", ""1922""], ""places"": [], ""descriptions"": [""This instrument is principally used to warn the pilot when his machine is side-slipping. It is sometimes employed to indicate whether the aeroplane is keeping a steady, straight flight. It consists of a curved glass tube filled with a non-freezing solution; a bubble of air is imprisoned at the centre of the column of liquid. When mounted laterally in the aeroplane the bubble will, owing to centrifugal force, take up a central position during a turn if the machine is correctly \"" banked.\"" If the aeroplane is under-banked, the bubble will move to the inside of the turn; in the case of an over-bank, to the outside. When mounted longitudinally, the spirit-level indicates any deviation from steady horizontal flight. An illuminating attachment for night flying is provided."", ""principally used to warn the pilot when his machine is side-slipping"", ""sometimes employed to indicate whether the aeroplane is keeping a steady, straight flight"", ""consists of a curved glass tube filled with a non-freezing solution; a bubble of air is imprisoned at the centre of the column of liquid"", ""When mounted laterally in the aeroplane the bubble will, owing to centrifugal force, take up a central position during a turn if the machine is correctly \"" banked.\"" If the aeroplane is under-banked, the bubble will move to the inside of the turn; in the case of an over-bank, to the outside"", ""When mounted longitudinally, the spirit-level indicates any deviation from steady horizontal flight"", ""An illuminating attachment for night flying is provided""], ""other"": [""Inv. 1919-524""]}","{""object_names"": [""mark 5A Clinometer"", ""Aeronautics clinometer""], ""makers"": [], ""organisations/institutions"": [], ""dates"": [], ""places"": [], ""descriptions"": [""clinometer""], ""other"": []}"
84,12,3,1,1,1,0,1,0,2,0,1,0,5,2,1,0,"{""object_names"": [], ""makers"": [""The Air Ministry""], ""organisations/institutions"": [""The Air Ministry""], ""dates"": [""1920"", ""1914-18""], ""places"": [""German""], ""descriptions"": [""used by the Germans during the war"", ""very sensitive indicator of lateral inclination"", ""consists of two glass tubes, each bent into the form of a rectangle and half filled with a dark blue liquid"", ""A vertical arm of each rectangle is visible from the exterior"", ""arranged that the rectangle, of which the right-hand arm forms a part, is in the left of the instrument, and vice versa"", ""increased sensitiveness is obtained in two parallel and adjacent columns of liquid""], ""other"": [""Inv. 1920-461""]}","{""object_names"": [], ""makers"": [], ""organisations/institutions"": [], ""dates"": [], ""places"": [], ""descriptions"": [""Aeronautics inclinometer""], ""other"": [""inclinometer""]}"
85,8,3,1,1,0,0,1,0,1,0,0,0,4,2,1,0,"{""object_names"": [""GERMAN INCLINOMETER""], ""makers"": [], ""organisations/institutions"": [""The Air Ministry""], ""dates"": [""1920""], ""places"": [], ""descriptions"": [""This instrument is an example of a German circular-type inclinometer."", ""It contains transparent liquid, and is graduated in degrees of inclination."", ""A slot near the bottom of the instrument allows lateral adjustment to be made while in position on the machine."", ""Presented by The Air Ministry. 1920.""], ""other"": [""Inv. 1920-460""]}","{""object_names"": [""Inclinator, circular type""], ""makers"": [], ""organisations/institutions"": [], ""dates"": [], ""places"": [], ""descriptions"": [""Aeronautics inclinator"", ""inclinator""], ""other"": []}"
86,11,2,1,1,1,0,1,0,1,0,0,0,6,1,1,0,"{""object_names"": [], ""makers"": [""The Air Ministry""], ""organisations/institutions"": [], ""dates"": [""1919""], ""places"": [], ""descriptions"": [""This apparatus is designed to supply oxygen to aviators when flying at altitudes where the air is greatly rarefied."", ""The apparatus shown provides oxygen as soon as it is required, and in proportion to the reduction in atmospheric pressure."", ""Compressed oxygen is contained in a light steel cylinder."", ""It is fed through a Dryer regulator, which contains a diaphragm affected by atmospheric pressure."", ""The amount of oxygen required by the user increases with height, and this is automatically provided for by a mechanism attached to the diaphragm, which allows more to pass as the atmospheric pressure decreases."", ""A fan-flow meter is. provided to allow the user to gauge the amount of gas passing."", ""The supply can be regulated to some degree, or shut off if desired, by means of the tap fitted between the regulator and the gauge."", ""A length of flexible tubing connects the apparatus to a mask worn by the aviator.""], ""other"": [""Inv. 1919-540""]}","{""object_names"": [""Oxygen Apparatus Cylinder"", ""Oxygen apparatus cylinder"", ""Aeronautics oxygen apparatus"", ""oxygen apparatus""], ""makers"": [], ""organisations/institutions"": [], ""dates"": [], ""places"": [], ""descriptions"": [""with Dryer Regulator""], ""other"": []}"
87,12,4,1,1,0,0,1,1,2,0,0,0,7,2,1,0,"{""object_names"": [], ""makers"": [], ""organisations/institutions"": [""The Air Ministry""], ""dates"": [""1922"", ""1919""], ""places"": [], ""descriptions"": [""This apparatus is designed for the same purpose as the oxygen apparatus shown adjacent, but the oxygen is contained in liquid form, being vaporized as required."", ""The large vessel contains liquid oxygen."", ""A vaporizing coil is mounted above it, with copper pipes leading to the vaporizing and regulating valves, which are provided to enable an exact pressure of gas to be maintained."", ""The pressure is recorded in lb. per sq. in. on a gauge which is fitted adjacent to the regulating mechanism."", ""A flow meter is connected by flexible tubing ; it is graduated to read in litres per minute, and indicates the amount of oxygen passing to the user."", ""The airman's mask is connected directly to the flow meter.""], ""other"": [""Inv. 1919-541""]}","{""object_names"": [], ""makers"": [], ""organisations/institutions"": [""Science Museum Group Collections Online""], ""dates"": [], ""places"": [], ""descriptions"": [""with regulator"", ""Aeronautics oxygen apparatus""], ""other"": []}"
88,35,6,13,1,1,1,2,1,3,0,0,0,13,2,3,1,"{""object_names"": [""Pitot Tube"", ""Density Meter"", ""Pressure Gauge"", ""Radiator Thermometer"", ""Longitudinal Clinometer"", ""Revolution Indicator"", ""Scout Compass, Type 5/17"", ""Air-Speed Indicator"", ""Altitude Recorder"", ""Wristlet Altimeter"", ""\u201cTime of Trip\u201d Clock"", ""Lateral Clinometer"", ""Compass, Pattern 253""], ""makers"": [], ""organisations/institutions"": [""Vickers-Vimy"", ""Air Ministry""], ""dates"": [""1920"", ""1922"", ""1914\u201318""], ""places"": [], ""descriptions"": [""duplicate set of the instruments used in the Vickers-Vimy biplane on the first direct trans-Atlantic flight."", ""The original instruments remain in position in the machine."", ""The pitot tube or pressure head is fitted to the outer interplane strut of the machine and is connected to the instrument by means of rubber or aluminium tubing. The open end is connected to the pressure side of the diaphragm, whilst the closed end is connected to the opposite side of the diaphragm, its purpose being to keep the air at atmospheric pressure on this side of the diaphragm."", ""This instrument is used to correct the ordinary air-speed indicator for the variation in altitude and temperature. The ordinary air-speed indicator under-registers on height, due to the diminished density of the atmosphere, and the density meter is calibrated in numbers, which, when multiplied by the M.P.H. shown on the ordinary air-speed indicator dial, gives the combined correction for variation of both altitude and temperature."", ""These pressure gauges are of the usual Bourdon tube type, and are made for any ranges from 5\u2013160 lb. All gauges are fitted for over-load, to stand any extra pressure above which they are designed to register."", ""This instrument indicates the temperature of the water in the engine cooling system, and depends for its action on the expansion of the ether in the bulb and tubing of the instrument. The expansion causes a pressure which is registered on the dial in degrees of temperature. The boiling point of water drops as the altitude increases, therefore a correction is necessary and can be made by referring to the boiling-point altimeter."", ""This instrument is fitted with a tube containing greenish-yellow liquid, making it easy to read in semi-darkness. A certain quantity of the liquid is sealed in the tube and rises half-way up it, indicating zero degrees when the machine is flying level ; when the machine is climbing the liquid rises in the tube, and vice vers\u00e2 when the machine descends."", ""This instrument is worked on the centrifugal principle, and indicates the engine revolutions in hundreds per minute. The connection to the engine is by means of a flexible drive, which is arranged by means of a gear box on the engine to run at quarter engine speed, the instrument itself being geared 4\u20131, enabling it to record the actual revolutions of the crank-shaft."", ""This is the standard scout compass, and was used extensively during the war (1914\u201318). There is no float in this type of instrument, and the card is attached by a wire framework, carrying the magnetic system, to the pivot. The bearing is therefore extremely light, and the liquid has the maximum steadying effect on quick turns of the machine."", ""This instrument depends for its action on the movement of a specially treated silk diaphragm, which is unaffected by moisture or atmospheric conditions. The characteristic of this air-speed indicator lies in the fact that the diaphragm is not called upon to do any work, except that of a diaphragm ; that is to say, it is a mover only, the resistance to the movement being supplied by a highly tempered steel spring."", ""due to special construction, is practically without \u201clag.\u201d It is fitted with a button to enable the instrument to be reset to zero to allow for variation in height of aerodromes above mean sea-level. The instrument is also engraved with a temperature scale showing the boiling point of water at various altitudes, enabling the pilot to correct his radiator thermometer when flying at various heights."", ""This instrument is practically the same as the standard model, and is used by the observer for bomb-dropping, &c."", ""The principal advantage of this clock is the fact that it is fitted with a small subsidiary dial. The latter is quite independent of the ordinary dial showing the time of day, and can be stopped, started, and reset to zero, and records the actual number of hours\u2019 flight made on any particular trip."", ""This clinometer is the standard Air Ministry pattern, but with an improvement in the shape of a peculiar-coloured liquid, which shade has been found particularly easy to read between periods of twilight or semi-darkness. It is primarily designed for indicating lateral stability, and also to indicate when a correct \u201cbank\u201d is being made."", ""This instrument is now fitted with a prism, the bearing indicated on the card is thereby magnified several times, making it particularly easy to read from a distance."", ""first direct trans-Atlantic flight"", ""The boiling point of water drops as the altitude increases, therefore a correction is necessary and can be made by referring to the boiling-point altimeter."", ""The latter is quite independent of the ordinary dial showing the time of day, and can be stopped, started, and reset to zero, and records the actual number of hours\u2019 flight made on any particular trip.""], ""other"": [""Inv. 1920-426 to 438""]}","{""object_names"": [], ""makers"": [], ""organisations/institutions"": [], ""dates"": [], ""places"": [], ""descriptions"": [""Aircraft Propulsion"", ""revolution indicator""], ""other"": [""Mark V"", ""No. 44008""]}"
89,9,4,1,1,1,0,1,0,1,0,0,0,4,2,1,1,"{""object_names"": [""BOMB SIGHT, HIGH ALTITUDE DRIFT, MARK. I.A.""], ""makers"": [""The Air Ministry""], ""organisations/institutions"": [""The Air Ministry""], ""dates"": [""1919""], ""places"": [], ""descriptions"": [""When a bomb is released from an aeroplane, it appears, to the observer on the ground, to describe a curve in the direction of the machine\u2019s motion."", ""A bomb sight is a device which enables a bomb to be so released that the target will be in the path of the curve described by it."", ""It also indicates the right direction to steer when approaching the target and any lateral drift which may occur."", ""The bomb sight shown can be used for bombing up or down wind at high altitudes, and is adjustable for bombs stowed vertically or horizontally.""], ""other"": [""Inv. 1919-526""]}","{""object_names"": [""High Altitude Drift Bomb Sight""], ""makers"": [], ""organisations/institutions"": [], ""dates"": [], ""places"": [], ""descriptions"": [""radioactive material; radioactive material""], ""other"": [""Mk.IA"", ""Aeronautics""]}"
90,11,3,1,1,1,0,1,0,2,0,0,0,5,0,1,2,"{""object_names"": [""COURSE-SETTING BOMB SIGHT, MARK I.""], ""makers"": [""Major H. E. Wimperis""], ""organisations/institutions"": [""The Air Ministry""], ""dates"": [""1922"", ""1919""], ""places"": [], ""descriptions"": [""designed by Major H. E. Wimperis for operating over sea"", ""enables bombing to be carried out in any direction relative to the wind"", ""can be used for navigational purposes"", ""based on the same principle as that of the high altitude drift sight, Mark Ia."", ""provided with adjustment for height and for indicated air-speed"", ""fitted with a pivoted wind bar, which can be set along any wind direction"", ""compass is embodied in it, connected by gearing to the wind bar in such a manner that the wind arrow (D.B.), attached to the compass case, lies parallel to the wind bar and points down wind""], ""other"": [""Inv. 1919-525""]}","{""object_names"": [""Course Seting Bomb Sight, Mk.I.""], ""makers"": [], ""organisations/institutions"": [], ""dates"": [], ""places"": [], ""descriptions"": [], ""other"": [""aeronautics"", ""radioactive material""]}"
91,15,7,1,1,1,1,2,0,2,0,1,3,7,1,1,1,"{""object_names"": [""PERISCOPIC BOMB SIGHT""], ""makers"": [""C. P. Goerz""], ""organisations/institutions"": [""The Air Ministry"", ""C. P. Goerz""], ""dates"": [""1922"", ""1914-1918""], ""places"": [""Germany""], ""descriptions"": [""German periscopic bomb sight"", ""most recent type of bomb-sighting instrument manufactured by C. P. Goerz"", ""concentrated on its production during the latter part of the war"", ""used on the Gotha bombing aeroplanes"", ""height scale on the calculator (H\u00f6he) is now adjusted from the altimeter, which brings the appropriate height scale (Gestoppte Zeit in Sekunden) into position"", ""index on this scale is set to the time previously determined, and the bombing angle is read on a second index on the angle scale (Vorhaltewinkel in Grad)"", ""third scale gives the ground-speed should this require to be known"", ""method of attack is to set the angle scale to the bomb-dropping angle found in the above manner"", ""facilitated by clamping the movable index to this angle as soon as it is known"", ""disc is rotated so as to bring the target well in view ahead, so securing a good run-up; when brought back the index falls into its notch and the correct setting is obtained"", ""sight is capable of rotation in azimuth, the movement serving to operate a variable electrical resistance situated at the base (not shown)"", ""machine is pointing at the target, a galvanometer before the pilot shows no deflection, the resistance being balanced so that no current passes"", ""Unless the fore-and-aft line of the graticule points at the target the resistance balance is disturbed and the galvanometer is deflected"", ""steering can thus be modified to secure the correct approach""], ""other"": [""Inv. 1921-136""]}","{""object_names"": [""Goerz Periscopic Bomb Sight""], ""makers"": [""C.P. Goerz""], ""organisations/institutions"": [], ""dates"": [], ""places"": [""Berlin"", ""Berlin state""], ""descriptions"": [""Aeronautics bomb sight""], ""other"": [""No. 13304""]}"
92,19,8,1,1,1,1,2,1,2,1,1,0,10,2,2,2,"{""object_names"": [], ""makers"": [], ""organisations/institutions"": [""Royal Flying Corps""], ""dates"": [""1920"", ""early in 1915""], ""places"": [""Altrincham""], ""descriptions"": [""This was the first type of aerial camera used by the Royal Flying Corps early in 1915, and was designed by officers of the corps."", ""Previously, ordinary press cameras had been employed."", ""This camera consists of a brass-bound metal conical box with a recessed wooden front to which the lens is fixed, the extension of the camera body acting as a mechanical protection and as a shade for the lens, while at the back is the shutter frame into which the envelope holder for the Mackenzie-Wishart envelopes are fitted."", ""The shutter is of the focal plane type, with adjustable slit, the distance being maintained by the usual cord and clip."", ""An important feature of this shutter lies in the arrangement adopted to prevent the shutter being withdrawn until the blind is wound up."", ""To effect this the shutter winding wheel is normally not in mesh."", ""On pushing in the shutter of the envelope holder a peg jumps out of a cavity in the framework, and enters a depression in the shutter, which cannot now be withdrawn until the blind is fully wound."", ""To effect this the winding wheel is pushed home and then engages the gear, the winding wheel is turned, and when the blind is fully wound up the peg holding the shutter of the plate holder falls out of the depression and the shutter can be withdrawn."", ""The release of the shutter is made by means of a two-way thumb and finger lever conveniently placed at the right-hand side, the camera being held by means of adjustable straps or by brass handles."", ""The camera is operated over the side of the machine, being held in the observer's hand."", ""The camera is fitted with a cross-wire sight view-finder."", ""The focal length of the lens is 8 in.""], ""other"": [""Inv. 1920-111"", ""L.S""]}","{""object_names"": [], ""makers"": [], ""organisations/institutions"": [], ""dates"": [""early 20th century""], ""places"": [], ""descriptions"": [""with Mackenzie-Wishart dark slide (no lens)""], ""other"": [""Photographic Technology"", ""aerial camera; aerial camera""]}"
93,12,15,2,3,0,1,1,2,3,1,0,4,5,3,1,1,"{""object_names"": [""AERIAL CAMERA. (Type \""C.\"")""], ""makers"": [], ""organisations/institutions"": [""Meteorology Catalogue""], ""dates"": [""1920"", ""early in 1916"", ""1920""], ""places"": [], ""descriptions"": [""development of the \""A\"" type (see No. 106)"", ""first partially automatic plate-changing type"", ""Mackenzie-Wishart holder has been removed and a frame is substituted"", ""frame is a repeating back with two openings, through one of which the exposure is made and through the other the exposed plate drops into a chamber"", ""magazine full of plates is placed in position over the shutter and a second empty magazine is fixed on the under side of the frame to receive the exposed plates"", ""process of plate-changing and setting the shutter is performed in one operation as in the later model \""L\"" type (see No. 111)""], ""other"": [""Inv. 1920-112""]}","{""object_names"": [""Thornton Pickard Aerial Camera"", ""Aerial camera"", ""camera""], ""makers"": [""Thornton Pickard""], ""organisations/institutions"": [""Science Museum Group Collections Online"", ""Royal Flying Corps (RFC)"", ""Thornton Pickard Manufacturing Co.""], ""dates"": [""1916""], ""places"": [""Altrincham"", ""Trafford"", ""Greater Manchester"", ""England"", ""United Kingdom""], ""descriptions"": [""5\"" x 4\"" focal plane shutter"", ""magazine to hold 18 plates"", ""with finder and storage box"", ""(no lens)"", ""Photographic Technology""], ""other"": []}"
94,11,10,1,1,0,1,1,1,1,1,0,3,7,2,1,1,"{""object_names"": [""AERIAL CAMERA""], ""makers"": [], ""organisations/institutions"": [""Meteorology Catalogue""], ""dates"": [""1920""], ""places"": [], ""descriptions"": [""Type \""E.B.\"""", ""first type of metal aerial camera"", ""in use during the early part of the war (1914\u20131918)"", ""provided with two magazines for the plates"", ""may be fixed at some distance from the observer"", ""able to expose the plate by means of a Bowden wire release"", ""Cords attached to the plate-changing system enable him to change the plate, and also re-wind the focal plane shutter from the same position"", ""No view-finder is fitted to this camera, but a separate sight may be used"", ""A flap is fitted which prevents the plate being exposed when the slit of the shutter repasses it in re-winding""], ""other"": [""Inv. 1920-113""]}","{""object_names"": [""Aerial Camera Type EB14""], ""makers"": [""Thornton Pickard""], ""organisations/institutions"": [""Science Museum Group Collections Online"", ""Thornton Pickard Manufacturing Co.""], ""dates"": [""1915-1920""], ""places"": [""Altrincham, England"", ""Altrincham, Trafford, Greater Manchester, England, United Kingdom""], ""descriptions"": [""5\"" x 4\"" focal plane shutter"", ""two film magazines"", ""in storage box"", ""Photographic Technology aerial camera""], ""other"": [""(no lens)""]}"
95,7,5,1,1,0,0,0,0,1,0,0,0,4,3,1,1,"{""object_names"": [""AERIAL CAMERA. (Type \""E.\"")""], ""makers"": [], ""organisations/institutions"": [], ""dates"": [""1922""], ""places"": [], ""descriptions"": [""closely resembles type E.B. (see No. 108) in design and construction"", ""The lower portion of the camera is cylindrical instead of rectangular"", ""the camera is shorter, being designed for a lens of shorter focal length"", ""size of plate is 5 in. by 4 in.""], ""other"": [""Inv. 1920-114""]}","{""object_names"": [""Aerial camera type E""], ""makers"": [], ""organisations/institutions"": [], ""dates"": [], ""places"": [], ""descriptions"": [""with three magazines"", ""(no lens)"", ""Photographic Technology cameras; cameras""], ""other"": []}"
96,12,8,1,1,0,0,2,1,2,1,1,0,5,3,1,2,"{""object_names"": [""AERIAL CAMERA""], ""makers"": [], ""organisations/institutions"": [""Royal Naval Air Service"", ""Dunkirk""], ""dates"": [""1917"", ""1920""], ""places"": [""Dunkirk""], ""descriptions"": [""This large metal camera was designed in 1917 for use by the Royal Naval Air Service at Dunkirk, and was fitted with a lens of longer focal length than had been used up to that time."", ""The body of the camera consists of a large rectangular metal box, designed so as to be carried in a camera fitting fixed to the aeroplane."", ""A self-sealing or self-capping shutter of the French type is fitted, the later type being provided with a flap to protect the lens from spray."", ""The camera takes ordinary roller dark slides"", ""the sighting arrangement consists of a cross-line sight view-finder""], ""other"": [""Inv. 1920-119""]}","{""object_names"": [""Royal Naval Air Services aerial camera""], ""makers"": [], ""organisations/institutions"": [""Royal Naval Air Services""], ""dates"": [""1917""], ""places"": [], ""descriptions"": [""Type XV A"", ""13 x 18 cm."", ""focal plane shutter; with lens, no dark slides"", ""in storage box""], ""other"": [""Photographic Technology"", ""cameras; cameras""]}"
97,15,13,1,1,1,1,1,2,1,1,0,3,8,4,3,1,"{""object_names"": [], ""makers"": [], ""organisations/institutions"": [""The Williamson Kinematograph Co., Ltd.""], ""dates"": [""1920""], ""places"": [], ""descriptions"": [""semi-automatic plate-changer type"", ""process of changing the plate and setting the focal plane shutter is one operation"", ""accomplished either by hand, or automatically, by the action of wind on an air vane"", ""provided with two magazines, each capable of holding 18 plates"", ""loaded one being placed in position in runners provided on top of the camera and the empty magazine beneath an extension"", ""hand lever on the side operates the plate changer and at the same time sets the focal plane shutter"", ""knob, when pressed and released, exposes the plate"", ""motive power is provided by a small air propeller"", ""lever of the small auxiliary apparatus exposes the plate and releases the shutter"", ""time required to change the plate being about 10 seconds for an air speed of 50 miles per hour"", ""camera may also be operated at a distance by a single Bowden wire"", ""usual type of focal plane shutter is employed"", ""sliding saddle to adjust the width of the opening"", ""blind is arranged as close as possible to the plate, being about \u00b71875 in. from it"", ""Ross 8\u00b75-in. Xpress Lens is fitted""], ""other"": [""Inv. 1920-118"", ""S.M. 1390"", ""L.S""]}","{""object_names"": [], ""makers"": [""Williamson Manufacturing""], ""organisations/institutions"": [""Science Museum Group"", ""Thornton Pickard""], ""dates"": [""1917""], ""places"": [""London"", ""Greater London"", ""England"", ""United Kingdom""], ""descriptions"": [""5\"" x 4\"""", ""aluminium body"", ""Ross Airo best anastigmat lens f/4.5 8 1/2\"" lens (yellowing)"", ""two magazines for 18 plates"", ""complete in storage box"", ""Photographic Technology""], ""other"": [""No 82,145""]}"
98,8,8,1,2,0,1,0,0,1,0,1,0,4,4,1,1,"{""object_names"": [""HYTHE GUN CAMERA, MARK II.""], ""makers"": [], ""organisations/institutions"": [], ""dates"": [""1922""], ""places"": [""HYTHE""], ""descriptions"": [""This type of gun camera closely resembles the Mark I. type"", ""fitted with a focal-plane shutter"", ""A ring graticule is provided in this model"", ""can be adjusted to the gun sights by a thumbscrew""], ""other"": [""Inv. 1920-116""]}","{""object_names"": [""Aerial Camera"", ""aerial camera""], ""makers"": [""Thornton-Pickard Manufacturing Company""], ""organisations/institutions"": [], ""dates"": [], ""places"": [], ""descriptions"": [""marked FH336Type Gun Hythe Mark II"", ""adapted to take films 2 1/4\"" wide (no lens)"", ""In storage box, (Missing)."", ""Lacks dark slide/film holder."", ""Clamped to Science Museum made mahogany wood stand."", ""Photographic Technology aerial camera;""], ""other"": []}"
99,12,8,1,2,0,1,0,1,1,0,1,0,8,3,1,1,"{""object_names"": [""HYTHE GUN CAMERA, MARK III""], ""makers"": [], ""organisations/institutions"": [], ""dates"": [""1922""], ""places"": [""Hythe""], ""descriptions"": [""apparatus which in appearance resembles a Lewis gun"", ""used in the same way, but instead of firing bullets it takes photographs"", ""furnishes a record of the accuracy of aim"", ""weight and balance of the instrument are identical with that of a Lewis gun"", ""ring graticule corresponding to the sights is fitted in the focal plane of the lens in contact with the film"", ""cocking lever of the gun revolves the film, a fresh portion of which is thereby brought into position for exposure"", ""pulling of the trigger releases the shutter and effects the exposure"", ""Each time a fresh pan of ammunition is placed on the gun, a pin marks the film"", ""\u201cEver-set\u201d type of shutter is fitted""], ""other"": [""Inv. 1920-117""]}","{""object_names"": [""Aerial Camera Type Gun Hythe Mark III"", ""Aerial camera""], ""makers"": [""Thornton-Pickard Manufacturing Company""], ""organisations/institutions"": [""Science Museum Group Collections Online""], ""dates"": [], ""places"": [], ""descriptions"": [""adapted to take roll films 2 1/4\"" wide"", ""in storage box"", ""Photographic Technology""], ""other"": []}"
100,8,4,1,1,1,1,0,0,2,0,0,0,3,2,1,0,"{""object_names"": [""MAXIM\u2019S MODEL PROPELLERS""], ""makers"": [""A. P. Thurston, Esq."", ""Sir Hiram S. Maxim""], ""organisations/institutions"": [], ""dates"": [""1913"", ""1891""], ""places"": [], ""descriptions"": [""Before building his large machine, Sir Hiram S. Maxim experimented with small model propellers in 1891 in order to determine the best shape to employ in his machine."", ""Some of these small propellers are shown."", ""The three best, as found by Maxim, are those marked A, B, and C respectively.""], ""other"": [""Inv. 1913-429""]}","{""object_names"": [""model Propellers for aeroplanes (Maxim)""], ""makers"": [], ""organisations/institutions"": [], ""dates"": [], ""places"": [], ""descriptions"": [""19 experimental"", ""Aircraft Propulsion propeller; propeller""], ""other"": []}"
101,15,5,1,2,1,0,2,0,2,0,1,0,7,3,1,0,"{""object_names"": [""wire strainers""], ""makers"": [""A. P. Thurston, Esq.""], ""organisations/institutions"": [""East London College"", ""Aeronautical Journal""], ""dates"": [""1913"", ""Jan., 1911""], ""places"": [""East London College""], ""descriptions"": [""used in aeroplane construction"", ""tested at East London College in order to provide data for the design of strainers of such dimensions that the strength of the gun-metal body portion should be equal to the strength of the steel-screwed portion at the bottom of the thread"", ""arranged with pins placed through the eyes, and a load was gradually put on to these pins until the specimen broke"", ""All the specimens, with one exception, broke in the screwed-steel portion at the break, proving that this portion is the weakest part of the turnbuckle"", ""Several of the turnbuckles were next turned down until the gun-metal portion was obviously weaker than the steel portion"", ""tested to destruction"", ""average tensile strength of the gun-metal was found to be 20 tons per sq. in."", ""correct dimensions of the parts for equal strength everywhere were then calculated""], ""other"": [""Inv. 1913-431""]}","{""object_names"": [""wire strainers mounted on card"", ""wire strainers""], ""makers"": [], ""organisations/institutions"": [], ""dates"": [], ""places"": [], ""descriptions"": [""Ten wire strainers mounted on a card"", ""tested to destruction"", ""Aeronautics""], ""other"": []}"
102,9,5,1,1,1,0,1,0,2,0,1,0,2,2,1,1,"{""object_names"": [], ""makers"": [""A. P. Thurston, Esq.""], ""organisations/institutions"": [""East London College""], ""dates"": [""1913"", ""1922""], ""places"": [""East London""], ""descriptions"": [""tested to destruction"", ""the object being to test the method of connection of the cable ends rather than the strength of the cables themselves. It will be seen that the second specimen from the top gave the best results.""], ""other"": [""Inv. 1913-430""]}","{""object_names"": [], ""makers"": [], ""organisations/institutions"": [], ""dates"": [], ""places"": [], ""descriptions"": [""Aeronautics cable""], ""other"": [""cable""]}"
103,12,4,2,3,1,0,2,0,1,0,0,0,5,1,1,0,"{""object_names"": [""PRESSURE TUBE"", ""R.A.F. tube""], ""makers"": [""Royal Aircraft Factory""], ""organisations/institutions"": [""The War Office"", ""Royal Aircraft Factory""], ""dates"": [""1913""], ""places"": [], ""descriptions"": [""In order to measure the velocity of the air in a wind channel, a Pitot tube is usually employed."", ""It consists of two tubes placed in the air current so that the open end of one of them faces the stream and determines the dynamic pressure, while the other measures the pressure of the free air in the neighbourhood, i.e., the static pressure."", ""The two tubes are connected to a water gauge, and the difference between the two pressures thus obtained is a direct measure of the velocity of the air."", ""The velocity nozzle shown was made at the Royal Aircraft Factory, is known as a \u201cR.A.F. tube,\u201d and was designed to secure magnified readings on the manometer, which constitutes an air-speed meter."", ""The static pressure tube is, in this example, enclosed by a cone that forms a \u201cdead water\u201d region, and in which there is a negative pressure.""], ""other"": [""1913-452""]}","{""object_names"": [""Three pressure (Pitot) tubes for use with air speed indicators"", ""Aeronautics pitot tube"", ""pitot tube""], ""makers"": [], ""organisations/institutions"": [], ""dates"": [], ""places"": [], ""descriptions"": [""Three pressure (Pitot) tubes for use with air speed indicators""], ""other"": []}"
104,10,6,1,2,1,0,2,0,1,0,1,0,3,2,1,2,"{""object_names"": [""PRESSURE TUBE""], ""makers"": [""The War Office""], ""organisations/institutions"": [""National Physical Laboratory"", ""Eiffel""], ""dates"": [""1913""], ""places"": [""aeroplanes""], ""descriptions"": [""designed for use with air-speed indicators on aeroplanes"", ""The tube should be compared with the Eiffel (see No. 126) and R.A.F. (see No. 124) tubes."", ""The static pressure in this is obtained by the air through the small holes 3 in. behind the nozzle.""], ""other"": [""R.A.F. (see No. 124)""]}","{""object_names"": [""pitot tube""], ""makers"": [], ""organisations/institutions"": [], ""dates"": [], ""places"": [], ""descriptions"": [""for use with air speed indicators"", ""Aeronautics""], ""other"": [""Three pressure (Pitot) tubes for use with air speed indicators"", ""pitot tube""]}"
105,11,4,1,2,1,0,2,0,1,0,1,0,4,2,1,0,"{""object_names"": [""PRESSURE TUBE""], ""makers"": [""The War Office""], ""organisations/institutions"": [""Royal Aircraft Factory""], ""dates"": [""1913""], ""places"": [""Eiffel""], ""descriptions"": [""designed at the Royal Aircraft Factory for use on aeroplanes in connection with air-speed indicators"", ""shown for comparison with the R.A.F. pattern"", ""The static pressure in this is obtained by means of a small hole in the tube inside the circular shield.""], ""other"": [""1913-452""]}","{""object_names"": [""Pitot tubes"", ""pitot tube""], ""makers"": [], ""organisations/institutions"": [], ""dates"": [], ""places"": [], ""descriptions"": [""for use with air speed indicators"", ""Aeronautics pitot tube""], ""other"": []}"
106,10,6,1,3,1,1,1,0,2,1,0,0,4,1,1,0,"{""object_names"": [""TAUTNESS METER""], ""makers"": [""Lieut.-Colonel Mervyn O'Gorman, C.B.""], ""organisations/institutions"": [""Inst. Aut. Engineers""], ""dates"": [""1920"", ""early in 1910""], ""places"": [], ""descriptions"": [""This is the first tautness meter designed by Lieut.-Colonel O'Gorman and used early in 1910 for measuring the tension to which a wire was subject when in use in flight."", ""The principle upon which the instrument is designed is that if a wire under tension is deflected from the straight the force tending to straighten it is a measure of the tension and the stiffness of the wire."", ""The effect of the latter is eliminated by calibrating the instrument on a wire of the same stiffness."", ""See \u201cProc. Inst. Aut. Engineers,\u201d 1911.""], ""other"": [""Inv. 1920-155""]}","{""object_names"": [""O'Gorman Tautness meter"", ""Aeronautics tautness meter"", ""tautness meter 1910""], ""makers"": [""O'Gorman, Col. Mervyn Joseph Pius""], ""organisations/institutions"": [], ""dates"": [""1910""], ""places"": [], ""descriptions"": [""O'Gorman Tautness meter""], ""other"": []}"
107,18,12,1,1,2,2,1,1,3,2,3,1,7,3,1,2,"{""object_names"": [], ""makers"": [], ""organisations/institutions"": [], ""dates"": [""1914"", ""5th June"", ""19th October""], ""places"": [""Annonay"", ""Lyons"", ""Paris""], ""descriptions"": [""hot-air balloon of the type designed, in 1783, by the brothers J. E. and Joseph M. Montgolfier"", ""invention of the aerostatic airship"", ""first public exhibition with a paper balloon about 35 ft. diameter, which was filled with hot air by means of a fire placed below it"", ""balloon, which weighed 300 lb., rose to a height of 6,000 ft."", ""M. Pil\u00e2tre de Rozier and the Marquis d'Arlandes ascended at Paris in a Montgolfier balloon represented by the model"", ""It was of oval shape, made of canvas, with the outside painted and decorated with the signs of the zodiac"", ""aperture or lower part of the balloon had a wicker gallery of 16 ft. internal diameter. A brazier was supported in the centre of the gallery by chains connected with the sides of the balloon. The fire was maintained as required during the ascent by using straw, wood, etc., as fuel."", ""Diameter, 48 ft.; height, 74 ft.; weight, with two passengers, about 1,600 lb.""], ""other"": [""1914-225""]}","{""object_names"": [], ""makers"": [], ""organisations/institutions"": [], ""dates"": [""4th June, 1783""], ""places"": [""France""], ""descriptions"": [""First Public Demonstration of a Montgolfier Balloon"", ""hot-air balloons"", ""balloons"", ""hot-air balloons""], ""other"": [""aeronautics""]}"
108,12,3,1,1,1,0,2,0,3,0,1,0,3,2,1,0,"{""object_names"": [], ""makers"": [""Zeppelin (Designed by)""], ""organisations/institutions"": [""Delag"", ""German Government""], ""dates"": [""1913"", ""1915"", ""1914\u201318""], ""places"": [""Leipzig, Germany""], ""descriptions"": [""Scale 1:65"", ""passenger dirigible"", ""stationed at Leipzig, Germany, until the outbreak of the war (1914\u201318), when it was reconstructed and fitted for military purposes""], ""other"": [""Inv. 1915-96""]}","{""object_names"": [], ""makers"": [], ""organisations/institutions"": [], ""dates"": [], ""places"": [], ""descriptions"": [""Aeronautics model - representation"", ""model - representation""], ""other"": []}"
109,22,10,1,1,1,1,2,1,3,1,1,3,13,2,1,1,"{""object_names"": [], ""makers"": [], ""organisations/institutions"": [""Royal Air Force""], ""dates"": [""1921"", ""1914-18"", ""1914""], ""places"": [], ""descriptions"": [""The modern parachute is a life-saving apparatus enabling a safe descent to be made from an airship or aeroplane, even in a high wind."", ""The parachute shown is one of the type manufactured by Messrs. C. G. Spencer & Sons for the Royal Air Force, and used with great success by kite balloon observers during the war (1914\u201318)."", ""The harness fitted is of the \u201cGuardian Angel \u201d (Calthrop) type."", ""The supporting surface of this parachute is made of fine quality black silk, formed in the section of a sphere."", ""This section has a diameter, when measured on the ground, of 28 ft., but it is contracted to 21 ft. when carrying a load in the air."", ""There is a vent hole at the apex, having a diameter of about eight inches."", ""Compressed air escapes through this hole in a vertical stream, and acts as a universal rudder."", ""Beneath the parachute the air is compressed in the form of an inverted cone, the pressure increasing upwards to the parachute body."", ""The maximum air pressure is within the body and as it escapes over the edge of the periphery."", ""The rigging consists of 48 lines, which run from the fabric a distance of about 5 ft. From this point 24 lines are employed; they run direct to a wooden ring, 14 in. diameter."", ""The harness is connected to this ring by a length of rope and is easily removable."", ""The \u201cGuardian Angel\u201d harness, patented in 1914 by Mr. E. R. Calthrop, consists of two oval aluminium arm-pieces connected to a web belt."", ""The parachute is attached directly to these arm-pieces and to the belt."", ""The parachutist\u2019s body is supported by the arm-pieces, the belt, and by a strap which passes between the legs."", ""A quick re\u2019ease mechanism is fitted to guard against the danger of being dragged along the ground after alighting."", ""When the lever is moved to the vertical the three parts of the fastening are unlocked and the harness may be instantly removed."", ""In the locked position the lever is kept stationary by means of the leather slide."", ""When the parachute is withdrawn from the case it opens in two to three seconds, the momentum is absorbed, and the parachutist adopts the average rate of fall, which is, approximately, 16 ft. per second, or 10.9 miles per hour."", ""All this takes place in a vertical fall of about 100 ft."", ""There is practically no free fall, and no shock is experienced."", ""The impact on landing is equivalent to that of a jump from a height of four feet.""], ""other"": [""Inv. 1921-70""]}","{""object_names"": [], ""makers"": [], ""organisations/institutions"": [], ""dates"": [], ""places"": [""London, England, United Kingdom""], ""descriptions"": [""army type"", ""complete in case"", ""fitted with airman's harness.""], ""other"": [""Aeronautics parachute; parachute""]}"
110,29,9,3,2,1,1,3,1,3,0,3,0,15,2,1,3,"{""object_names"": [""H.M. AIRSHIP R.34"", ""H.M. Airships R.33"", ""German super-Zeppelin L.33""], ""makers"": [""Messrrs. Beardmore (original builder)""], ""organisations/institutions"": [""Air Ministry"", ""H.M. Government"", ""Museum Workshops""], ""dates"": [""1914\u20131918"", ""1921"", ""1916""], ""places"": [""East Fortune, Scotland"", ""Mineola, Long Island, U.S.A."", ""North Sea""], ""descriptions"": [""model constructed in the Museum Workshops, from data supplied by the Air Ministry"", ""This rigid airship was built by Messrs. Beardmore for H.M. Government during the latter part of the war"", ""It was the first lighter-than-air craft to achieve a direct Trans-Atlantic flight, the journey being made from East Fortune, Scotland, to Mineola, Long Island, U.S.A."", ""The airship was wrecked in 1921 as the result of an accident following a cruise over the North Sea."", ""R.33 and R.34 represented a type based on the design of the German super-Zeppelin L.33, launched in 1916."", ""The two British vessels were nearly identical in design and were constructed simultaneously."", ""It was found on completion that R.34 was in some respects superior and having an increased lift was capable of carrying a greater quantity of fuel; for this reason she was selected to make a Transatlantic crossing."", ""The rigid structure, or framework, in this airship consists of a number of polygons built up of individual duralumin girders spaced ten metres apart longitudinally and joined from corner to corner by other lattice girders, the whole being braced with steel wire."", ""The gasbags, or balloonets, nineteen in number, are enclosed between these transverse polygonal frames and are made of fine cotton proofed with a layer of rubber to which is attached a layer of gold-beater\u2019s skin."", ""Four cars are suspended from the hull structure."", ""The forward or control, car contains the instruments for navigation, the various controls, the apparatus for wireless telegraphy and telephony, and one engine."", ""The wing cars, which are slung amidships, each contain an engine and provide accommodation for the mechanics."", ""The large car aft contains an auxiliary control position and two engines."", ""Enclosed at the bottom of the structure is a corridor of triangular section which runs the full length of the ship and affords access to all parts including the cars and provides accommodation for the crew, the petrol tanks and the water ballast."", ""Model constructed in the Museum Workshops""], ""other"": [""Inv. 1921-713.""]}","{""object_names"": [""H.M. Airship R.34 Model""], ""makers"": [""Science Museum Workshops""], ""organisations/institutions"": [""Science Museum Group Collections Online""], ""dates"": [], ""places"": [], ""descriptions"": [""Aeronautics models"", ""models""], ""other"": [""scale 1:60"", ""scale 1:60"", ""model""]}"
111,25,3,1,2,2,0,2,0,3,0,1,0,13,1,3,0,"{""object_names"": [""R.E.8 AEROPLANE.""], ""makers"": [""Messrs. The Birmingham Small Arms Co., Ltd."", ""Messrs. The Daimler Co., Ltd.""], ""organisations/institutions"": [""Royal Aircraft Factory, South Farnborough"", ""Daimler Co., Ltd.""], ""dates"": [""1921"", ""1916"", ""1914\u20131918""], ""places"": [""South Farnborough""], ""descriptions"": [""two-seater tractor biplane"", ""designed and built at the Royal Aircraft Factory"", ""produced by the Daimler Co., Ltd."", ""Reconnaissance Experimental No 8"", ""constructed especially for reconnoitring purposes"", ""used considerably for corps reconnaissance and observation during the latter part of the war"", ""evolved in part from an earlier biplane, the B.E.2e"", ""contained all the essential features of the Royal Aircraft Factory design"", ""fitted with a 150 horse-power engine known as the R.A.F. 4a."", ""pilot\u2019s cockpit was situated slightly behind the centre section"", ""observer occupied a position in rear and was provided with a machine gun on a ring mounting"", ""pronounced stagger between the planes, and the upper plane had a greater span"", ""undercarriage was of typical Vee type"", ""four-bladed tractor air-screw was fitted"", ""still in use at the end of the war for artillery observation and night bombing"", ""Span of top plane, 42\u00b77 ft."", ""overall length, 27\u00b78 ft."", ""height, 10\u00b78 ft."", ""total supporting surface, 388 sq. ft."", ""weight, 1,803 lbs."", ""weight fully loaded, 2,869 lbs."", ""loading, 7\u00b74 lbs. per sq. ft.""], ""other"": [""Scale 1: 16"", ""Inv. No. 1920\u201338."", ""Inv. 1921-410. S.M. 1494. L.S.""]}","{""object_names"": [""Model R.E.8 Aeroplane"", ""Model of R.E.8 Aeroplane""], ""makers"": [], ""organisations/institutions"": [], ""dates"": [], ""places"": [], ""descriptions"": [""Aeronautics model aircraft"", ""model aircraft""], ""other"": []}"
112,26,4,2,1,2,0,3,0,3,0,2,0,11,2,3,1,"{""object_names"": [""B.E.12 AEROPLANE"", ""B.E. general type""], ""makers"": [""Messrs. The Birmingham Small Arms Co., Ltd."", ""Messrs. The Daimler Co., Ltd.""], ""organisations/institutions"": [""Royal Aircraft Factory"", ""Daimler Co., Ltd."", ""H.M. Government""], ""dates"": [""1922"", ""1921"", ""1916\u20131917""], ""places"": [""South Farnborough"", ""the war (1914\u20131918)""], ""descriptions"": [""Scale 1: 16"", ""single-seater tractor biplane"", ""The British Experimental No. 12"", ""designed and manufactured"", ""general military purposes"", ""subsequently produced"", ""most recent biplane"", ""used successfully in the destruction of Zeppelins and for other purposes"", ""all the essential features of the Royal Aircraft Factory design"", ""fitted with a 150 horse-power R.A.F. 4a engine"", ""pilot\u2019s cockpit is situated slightly in rear of the main planes, which are cut away in order to provide a clear view"", ""No armament is shown in the model, but various devices for attack were fitted to the biplane according to the purpose for which it was intended"", ""For night flying, illumination was provided at the wing tips to facilitate landing and for airship destruction a bomb launching apparatus was arranged between the pilot\u2019s legs"", ""A machine gun was also fitted"", ""Span of main planes, 37 ft. ; overall length, 27\u00b73 ft. ; chord, 5\u00b76 ft. ; stagger, 2 ft.""], ""other"": [""Inv. 1921-409"", ""S.M. 1493"", ""L.S""]}","{""object_names"": [""Model B.E.12 Aeroplane""], ""makers"": [], ""organisations/institutions"": [], ""dates"": [], ""places"": [], ""descriptions"": [""Aeroplanes model - representation"", ""model - representation""], ""other"": [""B.E.12 Aeroplane Model""]}"
113,22,3,1,1,3,0,3,0,2,0,1,0,9,2,3,0,"{""object_names"": [""DE mengakui 10 AEROPLANE""], ""makers"": [""Messrs. The Birmingham Small Arms Co., Ltd."", ""Messrs. The Daimler Co., Ltd."", ""Aircraft Manufacturing Co., Ltd."", ""Capt. Geoffery de Havilland""], ""organisations/institutions"": [""H.M. Government"", ""The Daimler Co., Ltd.""], ""dates"": [""1921"", ""1914\u20131918""], ""places"": [""London""], ""descriptions"": [""Scale 1: 16"", ""This two-engined tractor biplane was produced in 1917"", ""chief designer being Capt. Geoffery de Havilland"", ""primarily intended for bombing by day at high speed"", ""used successfully for that purpose during the latter part of the war"", ""The machine was also produced in bulk by the Daimler Co., Ltd."", ""The De Havilland No. 10 was a development of the two-engined pusher biplane (D.H.3) made by the same firm."", ""The two power units are placed between the planes, being overhung from one side of the outer centre section struts."", ""The fuselage is situated beneath the lower plane and provides accommodation for two gunners in addition to the pilot."", ""Each gunner is provided with a machine gun on a ring mounting."", ""The machine is fitted with dual control, the second control being operated by the gunner in rear."", ""The slides for the stowage of bombs. are placed beneath the lower planes in such a position that there is no danger of a bomb fouling any portion of the machine."", ""The undercarriage is of the Vee type strengthened with diagonal transverse members."", ""Two 400 h.p. Liberty engines or two 360 h.p. Rolls-Royce \""Eagle\"" engines are usually fitted."", ""Petrol tanks of streamline form are placed behind each power unit.""], ""other"": [""Inv. 1921-408"", ""S.M. 1492"", ""L.S""]}","{""object_names"": [""Model D.H.10 Aeroplane"", ""Model of D.H.10 Aeroplane""], ""makers"": [], ""organisations/institutions"": [], ""dates"": [], ""places"": [], ""descriptions"": [""Aeronautics model"", ""model""], ""other"": []}"
114,13,7,1,1,1,1,2,1,3,0,1,1,4,2,1,1,"{""object_names"": [], ""makers"": [], ""organisations/institutions"": [""The Meteorological Office""], ""dates"": [""1922"", ""1919"", ""1919""], ""places"": [], ""descriptions"": [""FOR USE ON AIRCRAFT"", ""designed at the Benson Observatory by Mr. W. H. Dines, F.R.S., to record heights attained by aircraft against time."", ""It consists of an aneroid barometer, calibrated to conform with a height scale on a moving chart."", ""Specimens of actual records obtained with this type of instrument are shown adjacent.""], ""other"": [""Inv. 1919-519""]}","{""object_names"": [], ""makers"": [], ""organisations/institutions"": [], ""dates"": [], ""places"": [], ""descriptions"": [""Aeronautics altigraph""], ""other"": []}"
115,11,4,1,1,1,0,1,0,3,0,1,0,3,3,1,0,"{""object_names"": [""AVIATION BAROGRAPH""], ""makers"": [""Pastorelli & Rapkin, Ltd.""], ""organisations/institutions"": [""The Meteorological Office""], ""dates"": [""1922"", ""1919"", ""1919""], ""places"": [""London""], ""descriptions"": [""based on the aneroid principle"", ""resembles in general design the altigraph shown adjacent (see No. 88a)"", ""has a rotating drum instead of rollers, upon which the chart is mounted""], ""other"": [""Inv. 1919-520""]}","{""object_names"": [""altigraph""], ""makers"": [], ""organisations/institutions"": [], ""dates"": [], ""places"": [], ""descriptions"": [""Aluminium-cased"", ""Aeronautics""], ""other"": []}"
116,15,9,1,2,1,1,2,2,3,0,2,2,5,1,1,1,"{""object_names"": [], ""makers"": [], ""organisations/institutions"": [""Messrs. The Williamson Kinematograph Co., Ltd.""], ""dates"": [""1922"", ""1921"", ""1915""], ""places"": [""London"", ""Middle East""], ""descriptions"": [""Designed to take a series of photographs at regular intervals"", ""Originally intended for general service in the field"", ""Photographing long trench systems"", ""Used in the Middle East for map making purposes"", ""Across the exposure aperture"", ""Camera is usually secured at the side of the aeroplane"", ""Power from the small airscrew, which is mounted on a streamline cone and driven by the slip stream, actuates the camera mechanism through worm gearing""], ""other"": [""Inv. 1921-687""]}","{""object_names"": [""Model F Automatic Film Camera""], ""makers"": [""Williamson Kinematograph Company Limited""], ""organisations/institutions"": [], ""dates"": [], ""places"": [""England"", ""United Kingdom""], ""descriptions"": [""Photographic Technology model""], ""other"": [""model""]}"
117,10,11,2,2,1,1,1,1,1,1,1,2,3,2,1,2,"{""object_names"": [""ORIGINAL \u201cL\u201d TYPE AERIAL CAMERA"", ""\u201cL\u201d type semi-automatic plate changer camera""], ""makers"": [""Messrs. The Williamson Kinematograph Co., Ltd.""], ""organisations/institutions"": [""R.A.F.""], ""dates"": [""1921""], ""places"": [""London""], ""descriptions"": [""This is an earlier example of the \u201cL\u201d type semi-automatic plate changer camera"", ""It was adopted for general use in 1916 by the R.A.F. in France""], ""other"": [""Inv. 1921-685""]}","{""object_names"": [""Model 2 Automatic Camera"", ""Model 2 Automatic camera""], ""makers"": [""Williamson Kinematograph Company Limited""], ""organisations/institutions"": [""RAF""], ""dates"": [""1916""], ""places"": [""England"", ""United Kingdom""], ""descriptions"": [""Adapted for use by RAF in France"", ""(for aerial cinematography?)""], ""other"": [""Photographic Technology camera; camera"", ""camera""]}"
